smiles,IC50
CCOc1ccc(S(=O)(=O)N2CCN(C)CC2)cc1-c1nc2c(=O)[nH]c(=O)n(C)c2[nH]1,10000.0
CCCOc1ccc(S(=O)(=O)N(CC)CCN(C)C)cc1-c1nc2c(=O)n(C)c(=O)n(CC(C)C)c2[nH]1,11.0
CCCOc1ccccc1-c1nc2c(=O)n(C)c(=O)n(CC(C)C)c2[nH]1,60.0
CCCOc1ccc(S(=O)(=O)N2CCN(CCN(C)C)CC2)cc1-c1nc2c(=O)n(C)c(=O)n(CC(C)C)c2[nH]1,24.0
CC(C)COc1ccc(S(=O)(=O)N2CCN(C)CC2)cc1-c1nc2c(=O)n(C)c(=O)n(CC(C)C)c2[nH]1,93.0
CCCCCCn1c(=O)n(C)c(=O)c2[nH]c(-c3cc(S(=O)(=O)N4CCN(C)CC4)ccc3OCC)nc21,130.0
CC(C)Cn1c(=O)n(C)c(=O)c2[nH]c(-c3ccccc3OCc3ccccc3)nc21,10000.0
CCCOc1ccc(S(=O)(=O)N2CCN(C)CC2)cc1-c1nc2c(=O)n(C)c(=O)n(CC(C)C)c2[nH]1,10.0
CCCOc1ccc(S(=O)(=O)N2CCN(C(=O)N(C)C)CC2)cc1-c1nc2c(=O)n(C)c(=O)n(CC(C)C)c2[nH]1,3.5
CCCOc1ccc(S(N)(=O)=O)cc1-c1nc2c(=O)n(C)c(=O)n(CC(C)C)c2[nH]1,5.0
CCOc1ccc(S(=O)(=O)N2CCN(C)CC2)cc1-c1nc2c(=O)n(C)c(=O)n(CC(C)(C)C)c2[nH]1,91.0
CCOc1ccc(S(=O)(=O)N2CCN(C)CC2)cc1-c1nc2c(=O)[nH]c(=O)n(CC(C)C)c2[nH]1,315.0
CC(C)Cn1c(=O)n(C)c(=O)c2[nH]c(-c3ccccc3O)nc21,10000.0
CCCOc1ccc(S(=O)(=O)N2CCN(CCOC)CC2)cc1-c1nc2c(=O)n(C)c(=O)n(CC(C)C)c2[nH]1,12.0
CCOc1ccc(S(=O)(=O)N2CCN(C)CC2)cc1-c1nc2c(=O)n(C)c(=O)n(CC(C)C)c2[nH]1,20.0
CCOc1ccc(S(=O)(=O)N2CCN(CCN(C)C)CC2)cc1-c1nc2c(=O)n(C)c(=O)n(CC(C)C)c2[nH]1,63.0
CCOc1ccc(S(=O)(=O)N2CCN(CC)CC2)cc1-c1nc2c(=O)n(C)c(=O)n(CC(C)C)c2[nH]1,26.0
CCOc1ccc(S(=O)(=O)N2CCN(C)CC2)cc1-c1nc2c(=O)n(C)c(=O)n(Cc3ccc(OC)cc3)c2[nH]1,59.0
CCOc1ccc(S(=O)(=O)N2CCN(C)CC2)cc1-c1nc2c(=O)n(C)c(=O)n(CC(C)CC)c2[nH]1,9.0
CC(C)Cn1c(=O)n(C)c(=O)c2[nH]c(-c3ccccc3OC(C)C)nc21,77.0
CCCOc1ccc(S(=O)(=O)N2CCN(CCO)CC2)cc1-c1nc2c(=O)n(C)c(=O)n(CC(C)C)c2[nH]1,3.5
COc1ccccc1-c1nc2c(=O)n(C)c(=O)n(CC(C)C)c2[nH]1,1810.0
CCCOc1ccc(S(=O)(=O)N2CCN(C)CC2)cc1-c1nc2c(=O)n(C)c(=O)n(CC(C)C)c2[nH]1,10.0
CCCOc1ccc(S(=O)(=O)N(C)CCN(C)C)cc1-c1nc2c(=O)n(C)c(=O)n(CC(C)C)c2[nH]1,16.0
CCOc1ccc(S(=O)(=O)N2CCN(C)CC2)cc1-c1nc2c(=O)n(C)c(=O)n(CC3CCCCC3)c2[nH]1,160.0
CNc1ccccc1-c1nc2c(=O)n(C)c(=O)n(CC(C)C)c2[nH]1,10000.0
CSc1ccccc1-c1nc2c(=O)n(C)c(=O)n(CC(C)C)c2[nH]1,5420.0
CCCn1c(=O)[nH]c(=O)c2[nH]c(-c3cc(S(=O)(=O)N4CCN(C)CC4)ccc3OCC)nc21,1360.0
C=CCCn1c(=O)n(C)c(=O)c2nc(-c3cc(S(=O)(=O)N4CCN(C)CC4)ccc3OCC)[nH]c21,100.0
CCOc1ccccc1-c1nc2c(=O)n(C)c(=O)n(CC(C)C)c2[nH]1,73.0
CCCCCOc1ccccc1-c1nc2c(=O)n(C)c(=O)n(CC(C)C)c2[nH]1,551.0
COCCOc1ccccc1-c1nc2c(=O)n(C)c(=O)n(CC(C)C)c2[nH]1,1500.0
CC(C)Cn1c(=O)n(C)c(=O)c2[nH]c(-c3ccccc3N(C)C)nc21,10000.0
CC(C)Cn1c(=O)n(C)c(=O)c2[nH]c(-c3cc(S(=O)(=O)N4CCN(C)CC4)ccc3OC(C)C)nc21,16.0
CCCOc1ccc(S(=O)(=O)N2CCC(CCO)CC2)cc1-c1nc2c(=O)n(C)c(=O)n(CC(C)C)c2[nH]1,3.0
CCCOc1ccc(S(=O)(=O)N2CCN(CC)CC2)cc1-c1nc2c(=O)n(C)c(=O)n(CC(C)C)c2[nH]1,5.5
CCCn1c(=O)n(C)c(=O)c2[nH]c(-c3cc(S(=O)(=O)N4CCN(C)CC4)ccc3OCC)nc21,100.0
O=c1c2nc(N(S(=O)(=O)c3ccc([N+](=O)[O-])cc3)S(=O)(=O)c3ccc([N+](=O)[O-])cc3)[nH]c2n(CC2CC2)c(=O)n1CC1CC1,24000.0
COc1ccc(Cn2c(NS(=O)(=O)c3ccc(OC)cc3)nc3c2c(=O)n(CC2CC2)c(=O)n3CC2CC2)cc1,2200.0
Cn1c(NS(=O)(=O)c2ccccc2)nc2c1c(=O)n(CC1CC1)c(=O)n2CC1CC1,53000.0
Nc1nc2c(c(=O)n(CC3CC3)c(=O)n2CC2CC2)n1Cc1ccc([N+](=O)[O-])cc1,8300.0
COc1cc(Cn2c(N)nc3c2c(=O)n(CC2CC2)c(=O)n3CC2CC2)cc(OC)c1OC,13000.0
Nc1nc2c(c(=O)n(CC3CC3)c(=O)n2CC2CC2)n1S(=O)(=O)c1ccc([N+](=O)[O-])cc1,38000.0
CC(C)Cn1c(N)nc2c1c(=O)n(CC1CC1)c(=O)n2CC1CC1,11000.0
CS(=O)(=O)n1c(N)nc2c1c(=O)n(CC1CC1)c(=O)n2CC1CC1,32000.0
Nc1nc2c(c(=O)n(CC3CC3)c(=O)n2CC2CC2)n1Cc1cccc2ccccc12,9800.0
COc1ccc(S(=O)(=O)Nc2nc3c(c(=O)n(CC4CC4)c(=O)n3CC3CC3)n2Cc2cc(OC)c(OC)c(OC)c2)cc1,37000.0
Nc1nc2c(c(=O)n(CC3CC3)c(=O)n2CC2CC2)n1S(=O)(=O)c1ccc(Cl)cc1,900.0
Cc1ccc(S(=O)(=O)n2c(N)nc3c2c(=O)n(CC2CC2)c(=O)n3CC2CC2)cc1,1200.0
Cn1c(N(S(=O)(=O)c2ccc([N+](=O)[O-])cc2)S(=O)(=O)c2ccc([N+](=O)[O-])cc2)nc2c1c(=O)n(CC1CC1)c(=O)n2CC1CC1,34000.0
COc1ccc(Cn2c(/N=C3/CCCN3C)nc3c2c(=O)n(CC2CC2)c(=O)n3CC2CC2)cc1,50.0
Nc1nc2c(c(=O)n(CC3CC3)c(=O)n2CC2CC2)n1S(=O)(=O)c1cccc(C(F)(F)F)c1,37000.0
CN(C)/C=N/c1nc2c(=O)n(CC3CC3)c(=O)n(CC3CC3)c2[nH]1,56000.0
Nc1nc2c([nH]1)c(=O)n(CC1CC1)c(=O)n2CC1CC1,71000.0
COc1ccc(OC)c(S(=O)(=O)n2c(N)nc3c2c(=O)n(CC2CC2)c(=O)n3CC2CC2)c1,40000.0
COc1ccc(Cn2c(/N=C/N(C)C)nc3c2c(=O)n(CC2CC2)c(=O)n3CC2CC2)cc1,240.0
Nc1nc2c(c(=O)n(CC3CC3)c(=O)n2CC2CC2)n1Cc1ccccc1,840.0
COc1cc(Cn2c(/N=C3/CCCN3C)nc3c2c(=O)n(CC2CC2)c(=O)n3CC2CC2)cc(OC)c1OC,3000.0
COc1ccc(Cn2c(N(S(=O)(=O)c3ccccc3)S(=O)(=O)c3ccccc3)nc3c2c(=O)n(CC2CC2)c(=O)n3CC2CC2)cc1,6500.0
COc1ccc(CNc2nnc(Cl)c3ccc(Cl)cc23)cc1Cl,54.0
COc1ccc(CNc2nnc(Cl)c3ccc([N+](=O)[O-])cc23)cc1Cl,3.5
O=C([O-])C1CCN(c2nc(NCc3ccc4c(c3)OCO4)c3cc(Cl)ccc3n2)CC1.[Na+],8.6
COc1ccc(CNc2nnc(Cl)c3ccc(C(F)(F)F)cc23)cc1Cl,5.3
COc1ccc(CNc2nnc(Cl)c3cc(C#N)ccc23)cc1Cl,140.0
N#Cc1ccc2c(Cl)nnc(NCc3ccc4c(c3)OCO4)c2c1,100.0
COc1ccc(C(C)Nc2nnc(Cl)c3ccc(C#N)cc23)cc1Cl,98.0
COc1ccc(CNc2nnc(Cl)c3ccc(C#N)cc23)cc1,140.0
CCOc1ccc(CNc2nnc(Cl)c3ccc(C#N)cc23)cc1Cl,49.0
COc1ccc(CNc2nnc(Cl)c3ccc(C#N)cc23)cc1Cl,4.8
COc1ccc(C(=O)Nc2ccccc2C)cc1OC1CCCC1,1000000.0
COc1ccc(C(=O)Nc2ccccc2SC)cc1OC1CCCC1,200000.0
COc1ccc(C(=O)Nc2cccc(C)c2)cc1OC1CCCC1,15000.0
COc1ccc(C(=O)Nc2c(Cl)cccc2Cl)cc1OC1CCCC1,1000000.0
COc1ccc(C(=O)Nc2ccccc2Br)cc1OC1CCCC1,1000000.0
COc1ccc(C(=O)Nc2ccccc2Cl)cc1OC1CCCC1,200000.0
COc1ccc(C(=O)Nc2ccc(F)cc2)cc1OC1CCCC1,1000000.0
COc1ccc(C(=O)Nc2c(Br)cccc2Br)cc1OC1CCCC1,1000000.0
COc1ccc(C(=O)Nc2ccccc2C#N)cc1OC1CCCC1,35000.0
COc1ccc(C(=O)Nc2ccccc2F)cc1OC1CCCC1,1000000.0
COc1ccc(C(=O)Nc2ccccc2C(C)=O)cc1OC1CCCC1,40000.0
COc1ccc(C(=O)Nc2cccc(Cl)c2)cc1OC1CCCC1,40000.0
COc1ccc(C(=O)Nc2ccccc2O)cc1OC1CCCC1,175000.0
COc1ccc(C(=O)Nc2ccc(C)cc2)cc1OC1CCCC1,200000.0
COC(=O)c1ccccc1NC(=O)c1ccc(OC)c(OC2CCCC2)c1,5500.0
COc1ccc(C(=O)Nc2ccc(Cl)cc2)cc1OC1CCCC1,1000000.0
COc1ccc(C(=O)Nc2ccccc2[N+](=O)[O-])cc1OC1CCCC1,65000.0
COc1ccc(C(=O)Nc2ccccc2C(=O)c2ccccc2)cc1OC1CCCC1,2500.0
O=C(c1ccc(-c2ccc(Cl)cc2[N+](=O)[O-])o1)N1CCc2c([nH]c3ccccc23)[C@@H]1c1ccc2c(c1)OCO2,10000.0
CN(C)CCN1CC(=O)N2[C@H](c3ccc4c(c3)OCO4)c3[nH]c4ccccc4c3C[C@@H]2C1=O,134.0
Cn1ccnc1CCN1CC[C@@H](N2CC(=O)N3[C@H](c4ccc5c(c4)OCO5)c4[nH]c5ccccc5c4C[C@@H]3C2=O)C1,0.7
O=C(c1ccc(-c2ccc(Cl)cc2[N+](=O)[O-])o1)N1CCc2c([nH]c3ccccc23)C1c1ccc2c(c1)OCO2,105.0
O=C1[C@H]2Cc3c([nH]c4ccccc34)[C@@H](c3ccc4c(c3)OCO4)N2C(=O)CN1C1CCN(Cc2ccccc2)CC1,26.0
COc1ccc([C@]2(C#N)CC[C@@H](C(=O)O)CC2)cc1OC1CCCC1,10000.0
O=C(c1ccc(-c2ccccc2)o1)N1CCc2c([nH]c3ccccc23)C1c1ccc2c(c1)OCO2,750.0
O=C(CCN1CC[C@@H](N2CC(=O)N3[C@H](c4ccc5c(c4)OCO5)c4[nH]c5ccccc5c4C[C@@H]3C2=O)C1)N1CCC1,4.0
COc1ccc([C@@H]2c3[nH]c4ccccc4c3C[C@@H]3C(=O)N([C@@H]4CCN(Cc5ccccc5)C4)CC(=O)N23)cc1C,132.0
O=C1[C@H]2Cc3c([nH]c4ccccc34)[C@@H](c3ccc(O)nc3)N2C(=O)CN1[C@@H]1CCN(Cc2ccccc2)C1,127.0
O=C1[C@H]2Cc3c([nH]c4ccccc34)[C@@H](c3ccc4c(c3)OCO4)N2C(=O)CN1[C@@H]1CCN(CCC2CC2)C1,15.7
CCNC(=O)CCN1CC[C@@H](N2CC(=O)N3[C@H](c4ccc5c(c4)OCO5)c4[nH]c5ccccc5c4C[C@@H]3C2=O)C1,3.6
COc1ccc([C@@H]2c3[nH]c4ccccc4c3C[C@@H]3C(=O)N([C@@H]4CCN(Cc5ccccc5)C4)CC(=O)N23)cc1,2.7
CCCN1CC[C@@H](N2CC(=O)N3[C@H](c4ccc5c(c4)OCO5)c4[nH]c5ccccc5c4C[C@@H]3C2=O)C1,57.0
Cn1ccnc1CCN1CC[C@@H](N2CC(=O)N3[C@H](c4ccc5c(c4)OCO5)c4[nH]c5ccccc5c4C[C@@H]3C2=O)C1,0.8
O=C1[C@H]2Cc3c([nH]c4ccccc34)[C@@H](c3ccc4c(c3)OCO4)N2C(=O)CN1C1CN(Cc2ccccc2)C1,164.0
O=C1[C@H]2Cc3c([nH]c4ccccc34)[C@@H](c3ccc4c(c3)OCO4)N2C(=O)CN1[C@@H]1CCN(CCc2ccccn2)C1,1.5
O=C1[C@H]2Cc3c([nH]c4ccccc34)[C@@H](c3ccc4c(c3)OCO4)N2C(=O)CN1CCN1CCOCC1,56.0
O=C1[C@H]2Cc3c([nH]c4ccccc34)[C@@H](c3ccc4c(c3)OCO4)N2C(=O)CN1[C@H]1CCN(Cc2ccccc2)C1,17.0
CCCCCN1CC[C@@H](N2CC(=O)N3[C@H](c4ccc5c(c4)OCO5)c4[nH]c5ccccc5c4C[C@@H]3C2=O)C1,13.2
C=CCCN1CC[C@@H](N2CC(=O)N3[C@H](c4ccc5c(c4)OCO5)c4[nH]c5ccccc5c4C[C@@H]3C2=O)C1,4.0
NC(=O)CCN1CC[C@@H](N2CC(=O)N3[C@H](c4ccc5c(c4)OCO5)c4[nH]c5ccccc5c4C[C@@H]3C2=O)C1,8.4
O=C1[C@H]2Cc3c([nH]c4ccccc34)[C@@H](c3ccc4c(c3)OCO4)N2C(=O)CN1[C@@H]1CCN(CCc2cnccn2)C1,2.0
COc1ccc([C@@H]2c3[nH]c4ccccc4c3C[C@@H]3C(=O)N([C@@H]4CCN(Cc5ccccc5)C4)CC(=O)N23)cc1OC,1000.0
O=C(O)CCCC(=O)Nc1ccc(-c2ccc(C(=O)N3CCc4c([nH]c5ccccc45)C3c3ccc4c(c3)OCO4)o2)cc1,100.0
O=C(c1ccc(-c2ccc(Cl)cc2[N+](=O)[O-])o1)N1CCc2c([nH]c3ccccc23)[C@H]1c1ccc2c(c1)OCO2,67.0
COc1ccc(CNc2nnc(N3CCC(O)CC3)c3ccc(C(N)=O)cc23)cc1Cl.Cl,2.0
CCn1c(=O)c2c(nc(NC3CCCCC3)n2Cc2cccc(OC)c2)n(CC)c1=O,100.0
COc1ccc(CNc2nnc(N3CCC(=O)CC3)c3ccc(C#N)cc23)cc1Cl.Cl,0.53
CCn1c(=O)c2c(nc(NC3CCCCC3)n2Cc2ccc3c(c2)OCO3)n(CC)c1=O,3.7
COc1ccc(CNc2nnc(N3CCC(O)CC3)c3cc(Cl)c(Cl)cc23)cc1Cl.Cl,0.86
CCn1c(=O)c2c(nc(NC3CCCC3)n2Cc2ccc(O)c(Cl)c2)n(CC)c1=O,1.8
COc1ccc(CNc2nnc(N3CCCC(O)C3)c3ccc(C#N)cc23)cc1Cl.Cl,1.2
CCn1c(=O)c2c(nc(NC3CCCCC3)n2Cc2ccc(OC)c(C)c2)n(CC)c1=O,19.0
CCn1c(=O)c2c(nc(NC3CCCC3)n2Cc2ccc(OC)c(Cl)c2)n(CC)c1=O,1.1
COc1ccc(CNc2nnc(N3CCC(C(=O)O)CC3)c3ccc(C#N)cc23)cc1Cl.Cl,3.1
COc1ccc(CNc2nnc(N3CCCCC3)c3ccc(C#N)cc23)cc1Cl.Cl,0.55
COc1ccc(CNc2nnc(N3CCNCC3)c3ccc(C#N)cc23)cc1Cl.Cl,1.23
O=C([O-])C1CCN(c2nc(NCc3ccc4c(c3)OCO4)c3cc(Cl)ccc3n2)CC1.[Na+],3.7
COc1ccc(CNc2nnc(N3CCC(O)CC3)c3ccc(C(F)(F)F)cc23)cc1Cl.Cl,0.73
CCn1c(=O)c2c(nc(NC3CCCC3)n2Cc2ccc(OC)cc2)n(CC)c1=O,2.1
COc1ccc(CNc2nnc(N3CCC(O)CC3)c3ccc([N+](=O)[O-])cc23)cc1Cl.Cl,0.3
COc1ccc(CNc2nnc(N3CCC(O)CC3)c3ccc(Cl)cc23)cc1Cl.Cl,4.4
CCn1c(=O)c2c(nc(NC3CCCC3)n2Cc2ccc(O)c(F)c2)n(CC)c1=O,0.82
COc1ccc(CNc2nnc(Cl)c3ccc(C#N)cc23)cc1Cl.Cl,3.0
COc1ccc(CNc2nnc(N3CCC(O)CC3)c3ccc(C(=O)O)cc23)cc1Cl.Cl,600.0
COc1ccc(CNc2nnc(NCc3ccncc3)c3ccc(C#N)cc23)cc1Cl.Cl,6.7
CCn1c(=O)c2c(nc(NC3CCCCC3)n2Cc2ccc(OC)c(Cl)c2)n(CC)c1=O,0.58
COc1ccc(CNc2nnc(N3CCC(CCO)CC3)c3ccc(C#N)cc23)cc1Cl.Cl,0.7
COc1ccc(CNc2nnc(N3CCC(C)(O)CC3)c3ccc(C#N)cc23)cc1Cl.Cl,0.7
COc1ccc(CNc2nnc(N3CCC(CO)CC3)c3ccc(C#N)cc23)cc1Cl.Cl,0.93
COc1ccc(CNc2nnc(N3CCN(c4ccccn4)CC3)c3ccc(C#N)cc23)cc1Cl.Cl,11.0
CCn1c(=O)c2c(nc(NC3CCCCC3)n2Cc2ccc(O)c(F)c2)n(CC)c1=O,0.33
CCn1c(=O)c2c(nc(NC3CCCCC3)n2Cc2ccc(O)c(Cl)c2)n(CC)c1=O,2.0
CCn1c(=O)c2c(nc(NC3CCCC3)n2Cc2ccccc2)n(CC)c1=O,10.0
COc1ccc(CNc2nnc(N[C@H]3CC[C@H](O)CC3)c3ccc(C#N)cc23)cc1Cl.Cl,12.0
CCn1c(=O)c2c(nc(NC3CCCCC3)n2Cc2ccc(O)cc2)n(CC)c1=O,0.6
COc1ccc(CNc2nnc(N3CCN(c4ncccn4)CC3)c3ccc(C#N)cc23)cc1Cl.Cl,19.0
CCn1c(=O)c2c(nc(NC3CCCC3)n2Cc2ccc(OC)c(F)c2)n(CC)c1=O,0.69
COc1ccc(CNc2nnc(N3CCS(=O)(=O)CC3)c3ccc(C#N)cc23)cc1Cl.Cl,0.79
COc1ccc(CNc2nnc(N3CCC(O)CC3)c3ccc(C(=O)N(C)C)cc23)cc1Cl.Cl,58000.0
COc1ccc(CNc2nnc(N3CCN(C)CC3)c3ccc(C#N)cc23)cc1Cl.Cl,0.95
c1ccc(CNc2nc(C3CCCCC3)nc3ccccc23)cc1,11000.0
Cl.Cl.O=[N+]([O-])c1ccc2nc(-c3cccnc3)nc(NCc3ccccc3)c2c1,10.0
Cl.Cl.Cl.c1cncc(CNc2nc(-c3cccnc3)nc3ccccc23)c1,2800.0
Cl.Cl.Fc1ccc2c(NCc3ccccc3)nc(-c3cccnc3)nc2c1,480.0
c1ccc(COc2nc(-c3ccccc3)nc3ccccc23)cc1,18500.0
c1ccc(Nc2nc(-c3ccncc3)nc3ccccc23)cc1,1200.0
c1ccc(CNc2nc(N3CCOCC3)nc3ccccc23)cc1,4300.0
c1ccc(CNc2nc(-c3cccs3)nc3ccccc23)cc1,720.0
Cl.Cl.c1ccc(CNc2nc(-c3ccccn3)nc3ccccc23)cc1,2300.0
Cl.Cl.c1ccc(-c2nc(NCc3ccccn3)c3ccccc3n2)cc1,11000.0
Cl.Cl.c1cncc(-c2nc(NCc3cccs3)c3ccccc3n2)c1,360.0
COc1ccc(CNc2c(CO)cnc3ccc(C#N)cc23)cc1Cl,0.48
C(=C/c1nc(NCc2ccccc2)c2ccccc2n1)\c1ccccc1,1300.0
c1ccc(-c2nc(Nn3cccc3)c3ccccc3n2)cc1,6000.0
c1ccc(CNc2nc(-c3cccnc3)nc3ccccc23)cc1,450.0
Cl.Cl.c1cncc(-c2nc(NCc3ccco3)c3ccccc3n2)c1,1700.0
c1ccc(-c2nc(NC3CCCCC3)c3ccccc3n2)cc1,3900.0
Cc1cc[nH]c1CCNc1nc(-c2cccnc2)nc2ccccc12,1100.0
CN1CCN(c2nc(NCc3ccccc3)c3ccccc3n2)CC1,22000.0
Cl.Fc1ccc2nc(-c3cccnc3)nc(NCc3ccccc3)c2c1,165.0
Cl.Cl.O=[N+]([O-])c1ccc2nc(-n3ccnc3)nc(NCc3ccccc3)c2c1,2.6
CSc1ccc2nc(-n3ccnc3)nc(NCc3ccccc3)c2c1.Cl.Cl,14.0
CN(c1ccccc1)c1nc(-c2ccccc2)nc2ccccc12.Cl,20000.0
Clc1ccc(Nc2nc(-c3ccccc3)nc3ccccc23)cc1,2150.0
OCCCCCNc1nc(-c2ccccc2)nc2ccccc12,15000.0
Clc1ccccc1Nc1nc(-c2ccccc2)nc2ccccc12,5500.0
Cl.Clc1cccc(Nc2nc(-c3ccccc3)nc3ccccc23)c1,1000.0
Cl.Cl.c1ccc(CCNc2nc(-n3ccnc3)nc3ccccc23)cc1,860.0
CCOC(=O)c1cnc2ccc(C(F)(F)F)cc2c1NCc1ccc(OC)c(Cl)c1,73.0
O=[N+]([O-])c1cccc(Nc2nc(-c3ccccc3)nc3ccccc23)c1,420.0
CS(=O)(=O)c1ccc2nc(-n3ccnc3)nc(NCc3ccccc3)c2c1.Cl.Cl,110.0
C#Cc1ccc2nc(-n3ccnc3)nc(NCc3ccccc3)c2c1.Cl,0.53
c1ccc(Nc2nc(-c3cccs3)nc3ccccc23)cc1,2400.0
c1ccc(Nc2nc(-c3ccco3)nc3ccccc23)cc1,2300.0
CCOC(=O)c1cnc2ccc(C#N)cc2c1NCc1ccc(OC)c(Cl)c1,4.0
Cl.Cl.c1coc(CNc2nc(-n3ccnc3)nc3ccccc23)c1,630.0
Cl.Cl.c1ccc2c(NCC3CCCCC3)nc(-n3ccnc3)nc2c1,230.0
c1ccc(-c2nc(NCc3cccnc3)c3ccccc3n2)cc1,8600.0
COc1ccc(CNc2ccnc3ccc(C#N)cc23)cc1Cl,1.4
Cl.Cl.c1cncc(-c2nc(NCC3CC3)c3ccccc3n2)c1,4400.0
Cl.Cl.Clc1ccc2nc(-n3ccnc3)nc(NCc3ccccc3)c2c1,2.8
CCCNc1nc(-c2ccccc2)nc2ccccc12,6200.0
COC(=O)c1ccc(Nc2nc(-c3ccccc3)nc3ccccc23)cc1,860.0
Clc1cccc(CNc2nc(-c3ccccc3)nc3ccccc23)c1,800.0
c1ccc(-c2nc(NC3CCCC3)c3ccccc3n2)cc1,2400.0
COc1cccc(Nc2nc(-c3ccccc3)nc3ccccc23)c1.Cl,760.0
c1ccc(Nc2nc(C3CCCCC3)nc3ccccc23)cc1,6800.0
Cl.Cl.c1ccc2c(NCC3CCCO3)nc(-n3ccnc3)nc2c1,3000.0
Cc1cc(Nc2nc(-c3ccccc3)nc3ccccc23)no1,3600.0
Clc1ccc(CNc2nc(-c3ccccc3)nc3ccccc23)cc1,740.0
Cl.c1ccc(Nc2nc(-c3ccccc3)nc3ccccc23)cc1,5600.0
COc1cc2c(=O)n(Cc3ccc4c(c3)OCO4)cnc2c(OC)c1OC,530.0
Clc1ccc2c(NCc3ccc4c(c3)OCO4)ncnc2c1,1100.0
COc1cc(OC)c2ncnc(NCc3ccc4c(c3)OCO4)c2c1,810.0
CSc1ccc2ncnc(NCc3ccc4c(c3)OCO4)c2c1,31.0
c1ccc2c(NCc3ccc4c(c3)OCO4)ncnc2c1,4200.0
Cc1ccc2ncnc(NCc3ccc4c(c3)OCO4)c2c1,100.0
CS(=O)(=O)c1ccc2ncnc(NCc3ccc4c(c3)OCO4)c2c1,810.0
O=C(O)c1ccc2ncnc(NCc3ccc4c(c3)OCO4)c2c1,7500.0
N#Cc1ccc2ncnc(NCc3ccc4c(c3)OCO4)c2c1,90.0
COc1ccc2ncnc(NCc3ccc4c(c3)OCO4)c2c1OC,730.0
CSc1ccc2ncnc(OCc3ccc4c(c3)OCO4)c2c1,1400.0
COc1ccc2ncnc(NCc3ccc4c(c3)OCO4)c2c1,230.0
CN(C)C(=O)c1ccc2ncnc(NCc3ccc4c(c3)OCO4)c2c1,2300.0
NC(=O)c1ccc2ncnc(NCc3ccc4c(c3)OCO4)c2c1,770.0
O=C(c1ccc2ncnc(NCc3ccc4c(c3)OCO4)c2c1)N1CCOCC1,2700.0
C[S+]([O-])c1ccc2ncnc(NCc3ccc4c(c3)OCO4)c2c1,380.0
CCOc1ccc2ncnc(NCc3ccc4c(c3)OCO4)c2c1,380.0
O=c1c2ccc(Cl)cc2ncn1Cc1ccc2c(c1)OCO2,8700.0
CCOC(=O)c1ccc2ncnc(NCc3ccc4c(c3)OCO4)c2c1,620.0
CSc1ccc2ncn(Cc3ccc4c(c3)OCO4)c(=O)c2c1,2300.0
CCn1ncc2c3c(NCc4ccc(OC)c(Cl)c4)nnc(NCc4ccncc4)c3cnc21,0.1
CCn1ncc2c3c(NCc4ccc(OC)c(Cl)c4)nnc(N4CCC(O)CC4)c3cnc21,0.7
CCn1ncc2c3c(NCc4ccc(OC)c(Cl)c4)nnc(-n4cnc(C(=O)NC)c4)c3cnc21,0.3
CCn1ncc2c(NCc3ccc(OC)c(Cl)c3)c(C(=O)NCc3ccncc3)cnc21,0.8
COc1ccc(CNc2nnc(N3CCC(O)CC3)c3ccc(C#N)cc23)cc1Cl,0.6
CCCCCCOc1ccccc1-c1nc2ccc[nH]c-2n1,4000.0
ClCCCOc1ccccc1-c1nc2ccc[nH]c-2n1,2000.0
CCCCCOc1ccccc1-c1nc2cc[nH]cc-2n1.Cl,1000.0
COc1cc([S+](C)[O-])ccc1-c1nc2cccnc2[nH]1,21000.0
CCCNc1ccccc1-c1nc2ccc[nH]c-2n1,26000.0
CC(=O)Oc1ccccc1-c1nc2ccc[nH]c-2n1,40000.0
CCCOc1ccccc1-c1cn2cccnc2n1,33000.0
CCCCCOc1ccccc1-c1nc2ccc[nH]c-2n1,1000.0
c1ccc(COc2ccccc2-c2nc3ccc[nH]c-3n2)cc1,4000.0
CCOc1ccccc1-c1nc2ccc[nH]c-2n1,18000.0
COc1ccccc1-c1nc2ccc[nH]c-2n1.Cl,34000.0
CCCSc1ccccc1-c1nc2ccc[nH]c-2n1,24000.0
COc1cc([S+](C)[O-])ccc1-c1nc2cnccc2[nH]1,58000.0
CCN1C(=O)c2c(ncn2Cc2ccc(OC)cc2)N2C1=N[C@@H]1CCC[C@@H]12,55.0
CCN1C(=O)c2c(nc(OCc3ccccc3)n2Cc2ccc(O)c(Cl)c2)N2C[C@@H](Cc3ccccc3)N=C12,2.1
CCN1C(=O)c2c(nc(C(=O)OC)n2Cc2ccc(OC)cc2)N2C1=N[C@@H]1CCC[C@@H]12,6.8
CCN1C(=O)c2c(ncn2Cc2ccc(OC)c(Br)c2)N2C1=N[C@@H]1CCC[C@@H]12,6.5
CCN1C(=O)c2c(nc(C(N)=O)n2Cc2ccc(OC)c(Br)c2)N2C1=N[C@@H]1CCC[C@@H]12,1.5
CCCOc1ccc(C(N)=O)cc1-c1nc(O)c2cc3c(cc2n1)ncn3Cc1ccc(F)cc1,0.48
CCCOc1ccc(S(=O)(=O)N2CCN(CC)CC2)cc1-c1nc(O)c2cc3c(cc2n1)ncn3Cc1cccc(F)c1,1.4
CCCOc1ccc(S(=O)(=O)N2CC[C@@H](N(C)C)C2)cc1-c1nc2cc3ncn(Cc4ccc(F)cc4)c3cc2c(=O)[nH]1,0.2
CCSc1nc2c(n1Cc1ccc(OC)cc1)C(=O)N(CC)C1=N[C@@H]3CCC[C@@H]3N12,13.0
CCN1C(=O)c2c(nc(C(N)=O)n2Cc2ccc(O)c(Cl)c2)N2C[C@@H](Cc3ccccc3)N=C12,3.0
CCCOc1ccc(S(=O)(=O)N2CC[C@@H](N(C)C)C2)cc1-c1nc(O)c2cc3c(cc2n1)ncn3Cc1ccccc1,1.1
CCOc1nc2c(n1Cc1ccc(O)cc1)C(=O)N(CC)C1=N[C@@H]3CCC[C@@H]3N12,0.9
CCN1C(=O)c2c(nc(C(N)=O)n2Cc2ccc(OC)cc2)N2C1=N[C@@H]1CCC[C@@H]12,4.0
CCN1C(=O)c2c(nc(C(F)(F)F)n2Cc2ccc(O)cc2)N2C1=N[C@@H]1CCC[C@@H]12,7.0
CCCOc1ccc(S(=O)(=O)N2CC[C@H](N(C)C)C2)cc1-c1nc(O)c2cc3c(cc2n1)ncn3Cc1ccccc1,27.0
CCCOc1ccc(S(=O)(=O)N2CCN(C)CC2)cc1-c1nc(O)c2cc3c(cc2n1)ncn3Cc1ccc(F)cc1,3.3
CCN1C(=O)c2c(nc(C#Cc3ccccc3)n2Cc2ccc(OC)cc2)N2C1=N[C@@H]1CCC[C@@H]12,3.1
CCN1C(=O)c2c(nc(C(F)(F)F)n2Cc2ccc(OC)cc2)N2C1=N[C@@H]1CCC[C@@H]12,48.0
CCN1C(=O)c2c(nc(OC)n2Cc2ccc(OC)c(Cl)c2)N2C[C@@H](Cc3ccccc3)N=C12,1.6
CCCOc1ccc(S(=O)(=O)N2CCN(C)CC2)cc1-c1nc(O)c2cc3c(cc2n1)ncn3Cc1ccccc1,5.3
CCN1C(=O)c2c(nc(OC)n2Cc2ccc(O)c(Cl)c2)N2C[C@@H](Cc3ccccc3)N=C12,1.9
CCN1C(=O)c2c(nc(C#Cc3ccccc3)n2Cc2ccccc2)N2C1=N[C@@H]1CCC[C@@H]12,8.0
CCN1C(=O)c2c(nc(C#Cc3ccccc3)n2Cc2ccc(O)cc2)N2C1=N[C@@H]1CCC[C@@H]12,0.3
CCN1C(=O)c2c(nc(C(=O)NC)n2Cc2ccc(O)c(Cl)c2)N2C1=N[C@@H]1CCC[C@@H]12,1.3
CCOc1nc2c(n1Cc1ccc(O)c(Cl)c1)C(=O)N(CC)C1=N[C@@H]3CCC[C@@H]3N12,2.1
CCN1C(=O)c2c(nc(OC)n2Cc2ccc(OC)c(Br)c2)N2C[C@@H](Cc3ccccc3)N=C12,2.2
CCCOc1ccc(S(=O)(=O)N2CCN(CC)CC2)cc1-c1nc(O)c2cc3c(cc2n1)ncn3Cc1cccc(OC)c1,1.1
CCN1C(=O)c2c(nc(Cc3ccccc3)n2Cc2ccc(N)cc2)N2C1=N[C@@H]1CCC[C@@H]12,550.0
CCN1C(=O)c2c(nc(Cc3ccccc3)n2Cc2ccc(OC)c(Cl)c2)N2C1=N[C@@H]1CCC[C@@H]12,58.0
CCN1C(=O)c2c(nc(N)n2Cc2ccc(O)cc2)N2C1=N[C@@H]1CCC[C@@H]12,22.0
CCN1C(=O)c2c(nc(OC)n2Cc2ccc(O)c(C#N)c2)N2C[C@@H](Cc3ccccc3)N=C12,43.0
CCN1C(=O)c2c(nc(C#Cc3ccccc3)n2Cc2ccc(Cl)cc2)N2C1=N[C@@H]1CCC[C@@H]12,5.0
CCN1C(=O)c2c(nc(OC)n2Cc2ccc(O)c(Cl)c2)N2C1=N[C@@H]1CCC[C@@H]12,2.0
CCN1C(=O)c2c(nc(Cc3ccccc3)n2Cc2ccc(Cl)cc2)N2C1=N[C@@H]1CCC[C@@H]12,160.0
CCCOc1ccc(C(=O)N2CCN(CC)CC2)cc1-c1nc(O)c2cc3c(cc2n1)ncn3Cc1ccc(F)cc1,35.0
CCN1C(=O)c2c(ncn2Cc2ccc(OC)c(Cl)c2)N2C1=N[C@@H]1CCC[C@@H]12,8.3
COc1cc2c(=O)n(Cc3ccc4c(c3)OCO4)cnc2c(OC)c1OC,530.0
COc1cc2c(NCCCCCO[N+](=O)[O-])ncnc2c(OC)c1OC.O=C(O)/C=C\C(=O)O,1470.0
COc1ccc(CNc2ncnc3c(OC)c(OC)c(OC)cc23)cc1,1000.0
CCCc1c(OCc2ccc3c(c2)OCO3)ccc2c(=O)cc(C(=O)O)oc12,650.0
COc1cc2c(NCc3ccc(Cl)cc3)ncnc2c(OC)c1OC,1300.0
COc1cc(CNc2ncnc3c(OC)c(OC)c(OC)cc23)cc(OC)c1OC,8900.0
CCCc1nn(C)c2c(=O)[nH]c(-c3ccccc3OCC3CC3)nc12,960.0
CCCc1nn(C)c2c(=O)[nH]c(-c3ccccc3NS(C)(=O)=O)nc12,780.0
COc1cc2c(N)ncnc2c(OC)c1OC,9600.0
COc1cc2c(NCCc3ccc4c(c3)OCO4)ncnc2c(OC)c1OC,2200.0
COc1cc2c(Nc3ccc4c(c3)OCO4)ncnc2c(OC)c1OC,11000.0
CCc1ccc(CNc2ncnc3c(OC)c(OC)c(OC)cc23)cc1,26000.0
COc1cc(OC)c(CNc2ncnc3c(OC)c(OC)c(OC)cc23)c(OC)c1,100000.0
COc1cc2c(NCc3cccc([N+](=O)[O-])c3)ncnc2c(OC)c1OC,3500.0
CCCc1nn(C)c2c(O)nc(-c3cc(S(=O)(=O)N4CCN(C(N)=O)CC4)ccc3OCC)nc12,2.1
CCCc1nn(C)c2c(=O)[nH]c(-c3cc(S(=O)(=O)N4CCNCC4)ccc3OCC)nc12,5.7
COc1cc2c(NCCc3ccc([N+](=O)[O-])cc3)ncnc2c(OC)c1OC,22000.0
COc1cc2c(NCc3ccc([N+](=O)[O-])cc3)ncnc2c(OC)c1OC,100000.0
COc1ccc(CNc2ncnc3c(OC)c(OC)c(OC)cc23)cc1OC,4600.0
COc1cc2c(NCc3cccc(Cl)c3)ncnc2c(OC)c1OC,1300.0
CCCOc1ccccc1CNc1ncnc2c(OC)c(OC)c(OC)cc12,2000.0
COc1cc2c(NCCCCCO)ncnc2c(OC)c1OC,5500.0
COc1cc2c(NCc3ccc4c(c3)CCC4)ncnc2c(OC)c1OC,1900.0
COc1cc2c(NCc3ccncc3)ncnc2c(OC)c1OC,32000.0
CCCc1c(OCCOc2ccc3c(=O)cc(C(=O)O)oc3c2CCC)ccc(C(C)=O)c1O,1500.0
CCCc1c(OCCCOc2ccc3c(=O)cc(C(=O)O)oc3c2CCC)ccc(C(C)=O)c1O,1500.0
CCCCNc1c(C(=O)OCC)cnc2c1cnn2CC,180.0
CCn1ncc2c(NCc3ccc(OC)c(Cl)c3)c(C(=O)O)cnc21,38.0
CCn1ncc2c(NCc3ccc(OC)c(Cl)c3)c(C(=O)NCCCCCO)cnc21,1.4
CCn1ncc2c(NCc3ccc(OC)c(Cl)c3)c(C(=O)NCCCN3CCCC3=O)cnc21,1.6
CCn1ncc2c(NCc3ccc(OC)c(Cl)c3)c(C(=O)NC[C@@H]3CCCO3)cnc21,1.8
CCn1ncc2c(NCc3ccc(OC)c(Cl)c3)c(C(=O)NCc3ccncc3)cnc21,0.8
CCn1ncc2c(N[C@@H](C)C3CCCCC3)c3cc(C#N)ccc3nc21,1.0
CCCc1nc(C)c2c(=O)[nH]c(-c3ccccc3OCC)nn12,5.0
CCCc1nc(C)c2c(O)nc(-c3cc(S(=O)(=O)N4CCN(CC)CC4)ccc3OCC)nn12.Cl,0.7
COc1ccc(CNc2nnc(N3CCC(O)CC3)c3ccc(C#N)cc23)cc1Cl,0.6
CCCOc1ccc(S(=O)(=O)N2CCC(CCP(=O)(O)OCC)CC2)cc1-c1nc(O)c2c(n1)c(CCC)nn2C,0.29
CCOC(=O)c1sc(Nc2nc(NCc3ccc(OC)c(OC)c3)c3c(ncn3CC)n2)nc1OC,270.0
CCCOc1ccc(S(=O)(=O)N2CCN(CP(=O)(OCC)OCC)CC2)cc1-c1nc(O)c2c(n1)c(CCC)nn2C,0.58
CCCOc1ccc(S(=O)(=O)N2CC[C@@H](N(C)C)C2)cc1-c1nc(O)c2c(NCc3ccc(OC)c(Cl)c3)[nH]c3nncc-3c2n1,0.9
CCCOc1ccc(S(=O)(=O)N2CC[C@@H](N(C)C)C2)cc1-c1nc(O)c2c[nH]c3nncc-3c2n1,2.1
CCCOc1ccc(S(=O)(=O)N2CC[C@@H](N(C)C)C2)cc1-c1nc(O)c2c(NCc3ccc(F)cc3)[nH]c3nncc-3c2n1,0.31
CCCOc1ccc(S(=O)(=O)N2CCC(CP(=O)(O)O)CC2)cc1-c1nc2c(CCC)nn(C)c2c(=O)[nH]1,0.32
CCCOc1ccc(S(=O)(=O)N2CCN(CCP(=O)(O)OCC)CC2)cc1-c1nc2c(CCC)nn(C)c2c(=O)[nH]1,0.28
CCCOc1ccc(S(=O)(=O)N2CCN(CP(=O)(O)OCC)CC2)cc1-c1nc2c(CCC)nn(C)c2c(=O)[nH]1,0.18
CNc1nc(C(F)(F)F)nc2c1ncn2Cc1ccccc1F,5000.0
CCCOc1ccc(S(=O)(=O)N2CC[C@@H](N(C)C)C2)cc1-c1nc(O)c2c(NCc3ccc(F)cc3)nc3nn(Cc4ccc(OC)cc4)cc3c2n1,1.7
CCCOc1ccc(S(=O)(=O)N2CCC(P(=O)(OCC)OCC)CC2)cc1-c1nc2c(CCC)nn(C)c2c(=O)[nH]1,0.41
CCCOc1ccc(NC(=S)NC(=O)OCC)cc1-c1nc2c(c(C)nn2C)c(=O)[nH]1,2.0
CCCOc1ccc(NC(C)=O)cc1-c1nc2c(c(C)nn2CC)c(=O)[nH]1,2.0
CCCOc1ccc(-c2cccs2)cc1-c1nc2c(c(C)nn2C)c(=O)[nH]1,5.0
CCCOc1ccccc1-c1nc(O)c2cncnc2n1,300.0
CCCOc1ccccc1-c1nc(O)c2ccsc2n1,100.0
Cc1nn(C)c2nc(-c3ccccc3OC(C)C)[nH]c(=O)c12,40.0
CCCOc1ccccc1-c1nc2c(c(C)nn2Cc2ccccc2)c(=O)[nH]1,70.0
CCCOc1ccc(NS(C)(=O)=O)cc1-c1nc2c(c(C)nn2C)c(=O)[nH]1,3.0
CCCOc1ccc(-c2nc(C)cs2)cc1-c1nc2c(c(C)nn2CC)c(=O)[nH]1,2.0
CCCOc1ccc(NC(=O)c2ccc(F)cc2)cc1-c1nc2c(c(C)nn2C)c(=O)[nH]1,2.0
COc1cc2cc(CO)c(CO)c(-c3cc(NC(C)=O)c(OC)c(OC)c3)c2cc1OC,100000.0
CCOc1cc2cc(CO)c(CO)c(C3=CCN(CCOC)C(=O)C3)c2cc1OCC,22000.0
CCCCn1nc(C)c2c(=O)[nH]c(-c3ccccc3OCCC)nc21,6.0
CCCOc1ccc(N(C)C)cc1-c1nc2c(c(C)nn2CC)c(=O)[nH]1,4.0
COc1cc2cc(CO)c(CO)c(-c3cc(OC)c(OC)c(OC)c3)c2cc1OC,3000.0
CCCOc1ccc(N)cc1-c1nc2c(c(C)nn2CC)c(=O)[nH]1,7.0
CCCOc1ccc(NC(=O)OC)cc1-c1nc2c(c(C)nn2C)c(=O)[nH]1,2.0
CCCOc1ccccc1-c1nc(O)c2c(C)csc2n1,60.0
CCCOc1ccc(NS(C)(=O)=O)cc1-c1nc2c(c(C)nn2CC)c(=O)[nH]1,4.0
CCCOc1ccc(NC(=O)NCC)cc1-c1nc2c(c(C)nn2C)c(=O)[nH]1,3.0
CCCOc1ccc(-c2csc(-c3ccccc3)n2)cc1-c1nc2c(c(C)nn2C)c(=O)[nH]1,2.5
CCCOc1ccc(-c2csc(-c3ccccc3)n2)cc1-c1nc2c(c(C)nn2CC)c(=O)[nH]1,3.0
CCCCn1ccc(-c2c(CO)c(CO)cc3cc(OC)c(OC)cc23)cc1=O,20000.0
CCCOc1ccc(-c2csc(C)n2)cc1-c1nc2c(c(C)nn2C)c(=O)[nH]1,2.5
CCCOc1ccc(NC(N)=O)cc1-c1nc2c(c(C)nn2C)c(=O)[nH]1,2.0
CCOc1cc2cc(CO)c(CO)c(C3=CCN(CCOC)C(=O)C3)c2cc1OC,24000.0
CCCOc1ccccc1-c1nc(O)c2scc(C)c2n1,80.0
CCCOc1ccccc1-c1nc2c(c(C)nn2C(C)(C)C)c(=O)[nH]1,20.0
COc1cc2cc(CO)c(CO)cc2cc1OC,100000.0
CCOc1ccccc1-c1nc2c(c(C)nn2C)c(=O)[nH]1,30.0
CCCOc1ccc(NC(=O)Nc2ccc(F)cc2)cc1-c1nc2c(c(C)nn2C)c(=O)[nH]1,0.2
COc1cc2cc(CO)c(CO)c(C3=CC=NC(=O)C3)c2cc1OC,10000.0
CCCOc1ccc(N)cc1-c1nc2c(c(C)nn2C)c(=O)[nH]1,10.0
CCCOc1ccc(NC(=O)CN2CCN(C)CC2)cc1-c1nc2c(c(C)nn2C)c(=O)[nH]1,3.5
CCCCn1ccc(-c2c(CO)c(CO)cc3cc(OC)c(OC)cc23)cc1=O,4000.0
COc1cc(-c2c(CO)c(CO)cc3cc4c(cc23)OCO4)cc(OC)c1OC,30000.0
CCCCN1CC=C(c2c(CO)c(CO)cc3c(OC)cc(OCC)cc23)CC1=O,8000.0
COc1cc2cc(CO)c(CO)cc2c(C2C=CCC(=O)N2C)c1OC,30000.0
CCCOc1ccc(C(=O)CN2CCOCC2)cc1-c1nc2c(c(C)nn2C)c(=O)[nH]1,4.0
CCCOc1ccc(NC(C)=O)cc1-c1nc2c(c(C)nn2C)c(=O)[nH]1,0.8
CCCOc1ccccc1-c1nc(O)c2c(C)noc2n1,100.0
CCCOc1ccc(-c2nc(C)cs2)cc1-c1nc2c(c(C)nn2C)c(=O)[nH]1,2.5
COc1cc2cc(CO)c(CO)c(-c3cc(OC)c(OC)c(C(=O)N(C)C)c3)c2cc1OC,30000.0
CCCOc1ccc(-c2csc(-c3cccnc3)n2)cc1-c1nc2c(c(C)nn2CC)c(=O)[nH]1,2.0
CCCOc1ccccc1-c1nc(O)c2c[nH]nc2n1,150.0
CCCSc1ccccc1-c1nc2c(c(C)nn2C)c(=O)[nH]1,2000.0
CCCOc1ccccc1-c1nc2c(c(C)nn2CC(F)(F)F)c(=O)[nH]1,7.0
COc1cc2cc(CO)c(CO)c(Cc3cc(OC)c(OC)c(OC)c3)c2cc1OC,20000.0
CCCOc1ccccc1-c1nc2c(c(C)nn2CCC)c(=O)[nH]1,1.0
CCCOc1ccc(-c2ccc(C)s2)cc1-c1nc2c(c(C)nn2C)c(=O)[nH]1,4.0
CCCOc1ccc(-c2nccs2)cc1-c1nc2c(c(C)nn2C)c(=O)[nH]1,3.0
CCCOc1ccc(Nc2nnc(N)[nH]2)cc1-c1nc2c(c(C)nn2C)c(=O)[nH]1,5.0
CCCOc1ccc(NC(N)=S)cc1-c1nc2c(c(C)nn2C)c(=O)[nH]1,1.0
COc1cc2cc(CO)c(CO)c(-c3ccnc(-n4nc(-c5ccncc5)c5ccccc5c4=O)c3)c2cc1OC.Cl,4000.0
COc1cc2cc(CO)cc(-c3ccnc(-n4nc(-c5cccnc5)c5ccccc5c4=O)c3)c2cc1OC.Cl,200.0
COc1cc2cc(CO)c(CO)c(-c3ccnc(-n4nc(-c5cccnc5)c5ccccc5c4=O)c3)c2cc1OC.Cl,4000.0
COc1cc2cc(CO)c(CO)c(-c3ccnc(-n4c(=O)ccc5ccccc54)c3)c2cc1OC,2000.0
COc1cc2cc(CO)c(CO)c(-c3ccc(-n4nc(-c5cccnc5)c5ccccc5c4=O)nc3)c2cc1OC.Cl,40000.0
COc1cc2cc(CO)c(CO)c(-c3ccnc(-n4nc(-c5ccccn5)c5ccccc5c4=O)c3)c2cc1OC.Cl,9000.0
COc1cc2c3c(n1)C(c1ccccc1)=NCC(=O)N3CC2,91000.0
COc1cc2c3c(n1)C(c1ccccc1)=N[C@@H](NC(=O)c1cccnc1)C(=O)N3CC2,100000.0
Oc1nnc(C2CCCCC2)c2nc(Br)c(Br)n12,3900.0
CC(=O)Nc1ccc(-c2nnc(O)n3c(Br)c(Br)nc23)cc1,21200.0
CC1CC(O)=NN=C1c1ccc(-n2ccnc2)cc1,10000.0
Oc1nnc(-c2ccccc2)c2nc(Br)c(Br)n12,2900.0
Cn1nc(-c2ccccc2)c2nc(Br)c(Br)n2c1=O,10000.0
CCN(CC)Cc1ccc(-c2nn(Cc3ccccc3)c3ccccc23)o1,63000.0
CC(=O)Nc1cccc(-c2nnc(O)n3c(Br)c(Br)nc23)c1,9700.0
CCCCS(=O)(=O)Nc1cccc(-c2nnc(O)n3c(Br)c(Br)nc23)c1,3100.0
CCCCNC(=O)Nc1ccc(-c2nnc(O)n3c(Br)c(Br)nc23)cc1,18200.0
COc1ccc2c(-c3ccc(CO)o3)nn(Cc3ccccc3)c2c1,3500.0
CCCCS(=O)(=O)Nc1ccc(-c2nnc(O)n3c(Br)c(Br)nc23)cc1,1700.0
Oc1nnc(-c2ccccc2)c2ncc(Br)n12,100000.0
Oc1nnc(-c2ccccc2)c2nc(Br)cn12,66700.0
OCc1ccc(-c2nn(Cc3ccccc3)c3ccccc23)o1,31900.0
Cc1ccc(-c2nn(Cc3ccccc3)c3ccccc23)o1,22300.0
Oc1nnc(-c2ccccc2)c2nccn12,10000.0
COc1ccc(-c2nnc(O)n3c(Br)c(Br)nc23)cc1,30000.0
CCCCNC(=O)Nc1cccc(-c2nnc(O)n3c(Br)c(Br)nc23)c1,14900.0
Nc1cccc(-c2nnc(O)n3c(Br)c(Br)nc23)c1,17700.0
Cc1nc2c(-c3ccccc3)nnc(O)n2c1C,22700.0
CC(C)Cn1c(=O)n(C)c(=O)c2nc[nH]c21,63000.0
Cc1ccc2c(-c3ccc(CO)o3)nn(Cc3ccccc3)c2c1,8400.0
CCCOc1ccc(S(=O)(=O)N2CCN(C)CC2)cc1-c1nc(O)c2cc3[nH]cnc3cc2n1,5.3
CCCOc1ccccc1-c1nc(O)c2cc3[nH]cnc3cc2n1,44.0
CCCOc1ccc(S(=O)(=O)N2CCN(C)CC2)cc1-c1nc(O)c2cc3c(cc2n1)ncn3Cc1ccccc1,5.3
CCCOc1ccc(C(N)=O)cc1-c1nc(O)c2cc3c(cc2n1)ncn3Cc1ccc(F)cc1,0.48
CCOc1ccccc1-c1nc(O)c2nc3c(C)cccn3c2n1,1050.0
CCOc1ccccc1-c1nc(O)c2c(C)nc(C3CCCC3)n2n1,5.0
CCOc1ccccc1-c1nc(O)c2ncn(C3CCC3)c2n1,100.0
CCOc1ccc(S(=O)(=O)N2CCN(CCO)CC2)cc1-c1nc(O)n2c(C)nc(C3CCCC3)c2n1,10.0
CCCc1nc(C)c2c(O)nc(-c3cc(S(=O)(=O)N4CCN(CCO)CC4)ccc3OCC)nn12,5.0
CCCn1nc(C)c2c(=O)[nH]c(-c3cc(S(=O)(=O)N4CCN(C)CC4)ccc3OCC)nc21,8.0
CCOc1ccc(S(=O)(=O)N2CCN(CCO)CC2)cc1-c1nc(O)c2c(n1)c(C1CCCC1)nn2C,5.0
CCOc1ccc(S(=O)(=O)N2CCN(CCO)CC2)cc1-c1nc(O)c2c(C)nc(C)n2n1,10.0
CCOc1ccccc1-c1nc(O)c2c(C)nc(C)n2n1,200.0
CCCn1nc(CC)c2c(=O)[nH]c(-c3cc(S(=O)(=O)N4CCN(C)CC4)ccc3OCC)nc21,20.0
CCOc1ccccc1-c1nc(O)c2ncn(C3CC3)c2n1,300.0
CCCn1nnc2c(O)nc(-c3ccccc3OCC)nc21,300.0
CCOc1ccccc1-c1nc(O)c2nnn(C3CCCC3)c2n1,500.0
CCOc1ccccc1-c1nc(O)c2nnc(C3CCCC3)n2n1,200.0
CCOc1ccc(S(=O)(=O)N2CCN(CCO)CC2)cc1-c1nc(O)c2onc(C3CCCC3)c2n1,10.0
CCOc1ccc(S(=O)(=O)N2CCN(CCO)CC2)cc1-c1nc(O)c2c(C)nc(C3CCCC3)n2n1,1.0
CCCc1nc(C)n2c(O)nc(-c3ccccc3OCC)nc12,40.0
CCCn1cnc2c(O)nc(-c3cc(S(=O)(=O)N4CCN(C)CC4)ccc3OCC)nc21,10.0
CCCc1nc(C)c2c(=O)[nH]c(-c3ccccc3OCC)nn12,5.0
O=C1Nc2c(Cl)cc(-c3ccccc3)cc2C2(CCCCC2)N1,69800.0
O=C1Nc2c(Cl)cc(-c3ccccn3)cc2C2(CCCCC2)N1,68400.0
O=C1Nc2c(Cl)cc(-c3cccnc3)cc2C2(CCCCC2)N1,19300.0
O=C1Nc2c(Cl)cc(-c3ccc(C(=O)O)cc3)cc2C2(CCCCC2)N1,8500.0
O=C1Nc2c(Cl)cc(-c3cccc(C(=O)O)c3)cc2C2(CCCCC2)N1,12600.0
CN1CCN(C(=O)c2ccccc2-c2cc(Cl)c3c(c2)C2(CCCCC2)NC(=O)N3)CC1,101000.0
NC(=O)c1ccc(-c2cc(Cl)c3c(c2)C2(CCCCC2)NC(=O)N3)cc1,11600.0
CN(C)CCNC(=O)c1cccc(-c2cc(Cl)c3c(c2)C2(CCCCC2)NC(=O)N3)c1,101000.0
CN(C)CCCNC(=O)c1cccc(-c2cc(Cl)c3c(c2)C2(CCCCC2)NC(=O)N3)c1,84900.0
CN1CCN(C(=O)c2ccc(-c3cc(Cl)c4c(c3)C3(CCCCC3)NC(=O)N4)cc2)CC1,29300.0
CN1CCN(C(=O)c2cccc(-c3cc(Cl)c4c(c3)C3(CCCCC3)NC(=O)N4)c2)CC1,52400.0
N#CCOc1ccc(Cl)c2c1C1(CCCCC1)NC(=O)N2,101000.0
O=C1Nc2c(Cl)ccc(OCCO)c2C2(CCCCC2)N1,91000.0
CCOC(=O)c1ccc(COc2ccc(Cl)c3c2C2(CCCCC2)NC(=O)N3)o1,80000.0
O=C(O)COc1ccc(Cl)c2c1C1(CCCCC1)NC(=O)N2,101000.0
Cn1nc(-c2ccc(Cl)cc2)s/c1=N\c1ccc(O)cc1,101000.0
Cn1nc(-c2ccc(Cl)cc2)s/c1=N\c1ccc(C(=O)O)cc1,40350.0
Cn1nc(-c2ccc(Cl)cc2)s/c1=N\c1ccc(F)cc1,101000.0
Cn1nc(-c2ccc(Cl)cc2)s/c1=N\c1c(O)cccc1C(=O)O,18770.0
Cn1nc(-c2ccc(Cl)cc2)s/c1=N\c1cccc(C(=O)O)c1O,5180.0
O=C1Nc2c(Cl)ccc(OCc3nn[nH]n3)c2C2(CCCCC2)N1,88000.0
O=C1Nc2c(Cl)ccc(OCc3noc(O)n3)c2C2(CCCCC2)N1,101000.0
O=C1Nc2c(Cl)ccc(OCc3ccc(C(=O)O)o3)c2C2(CCCCC2)N1,101000.0
O=C1Nc2c(Cl)ccc(OCCCS(=O)(=O)O)c2C2(CCCCC2)N1,60000.0
Cn1nc(-c2ccc(Cl)cc2)s/c1=N\c1ccc(F)c(C(=O)O)c1,17880.0
Cn1nc(-c2ccc(Cl)cc2)s/c1=N\c1ccc(O)c(C(=O)O)c1,3970.0
NCCOc1ccc(Cl)c2c1C1(CCCCC1)NC(=O)N2,73200.0
CN(C)CCOc1ccc(Cl)c2c1C1(CCCCC1)NC(=O)N2,74000.0
Cn1nc(-c2ccc(Cl)cc2)s/c1=N\c1ccccc1O,101000.0
Cn1nc(-c2ccc(Cl)cc2)s/c1=N\c1cccc(O)c1,10940.0
CN(C)CCCOc1ccc(Cl)c2c1C1(CCCCC1)NC(=O)N2,98000.0
NCCOCCOc1ccc(Cl)c2c1C1(CCCCC1)NC(=O)N2,101000.0
CN(C)CC(O)COc1ccc(Cl)c2c1C1(CCCCC1)NC(=O)N2,101000.0
O=C(O)CNCCOc1ccc(Cl)c2c1C1(CCCCC1)NC(=O)N2,101000.0
Cn1nc(-c2ccc(Cl)cc2)s/c1=N\c1cccc(-c2noc(O)n2)c1,7560.0
Cn1nc(-c2ccc(Cl)cc2)s/c1=N\c1cccc(-c2nn[nH]n2)c1,7000.0
Cn1nc(-c2ccc(Cl)cc2)s/c1=N\c1cccc(C(N)=O)c1,101000.0
CCc1cc(C(C)=O)c(O)cc1OCc1cccc(C(=O)Nc2nn[nH]n2)n1,5150.0
CCc1cc(C(C)=O)c(O)cc1OCc1cncc(C(=O)NCCCCCCCCC(=O)O)n1,1510.0
CCc1cc(C(C)=O)c(O)cc1OCc1cccc(C(=O)NCCCCCCCC(=O)NO)n1,74.0
CCc1cc(C(C)=O)c(O)cc1OCc1cccc(C(=O)NCCCCCCCCC(=O)O)n1,96.0
CCc1cc(C(C)=O)c(O)cc1OCc1cccc(C(=O)NCCCCCCCCCC(=O)O)n1,74.0
CCc1cc(C(C)=O)c(O)cc1OCc1cccc(C(=O)NCCC(=O)O)n1,270.0
CCc1cc(C(C)=O)c(O)cc1OCc1cccc(C(=O)NCOCC(=O)O)n1,270.0
CCc1cc(C(C)=O)c(O)cc1OCc1cccc(C(=O)NCCCCCCCCCC(=O)NO)n1,17.0
CCOC(=O)CCCCCCCCN(C)C(=O)c1cccc(COc2cc(O)c(C(C)=O)cc2CC)n1,2720.0
CCc1cc(C(C)=O)c(O)cc1OCc1cccc(C(=O)N(CC)CCCCCCCCC(N)=O)n1,1210.0
CCOC(=O)COCCNC(=O)c1cccc(COc2cc(O)c(C(C)=O)cc2CC)n1,6090.0
CCc1cc(C(C)=O)c(O)cc1OCc1cccc(C(=O)NCCCCCCCCC(=O)O)c1,630.0
O=C(Cc1cccc(NC(=O)c2cccc(COc3ccccc3)n2)n1)NO,40.0
O=C(Cc1csc(NC(=O)c2cccc(COc3ccccc3)n2)n1)NO,190.0
O=C(Cc1cccc(NC(=O)c2cccc(COc3ccccc3)n2)c1)NO,13.0
O=C(NO)c1cccc(NC(=O)c2cccc(COc3ccccc3)n2)n1,1470.0
Cc1nc(NC(=O)c2cccc(COc3ccccc3)n2)sc1C(=O)NO,770.0
Cc1nc(NC(=O)c2cccc(COc3ccccc3)n2)sc1C(=O)O,4990.0
O=C(O)Cc1cccc(NC(=O)c2cccc(COc3ccccc3)n2)c1,10000.0
O=C(Cc1csc(NC(=O)c2cnc3ccccc3n2)n1)NO,1840.0
CCCCCCC(C(=O)O)c1csc(NC(=O)c2cccc(COc3ccccc3)n2)n1,4580.0
O=C(Cc1csc(NC(=O)c2cccc(SC(F)(F)F)c2)n1)NO,430.0
O=C(Cc1csc(NC(=O)c2cccc(C(=O)c3ccccc3)c2)n1)NO,3410.0
O=C(Cc1csc(NC(=O)C2C=CN(c3ccccc3)c3ccccc32)n1)NO,790.0
C=CCN(CCC(=O)O)C(=O)c1cccc(COc2cc(O)c(C(C)=O)cc2CC)n1,9870.0
O=C(Nc1nc(C(Cc2ccccc2)C(=O)O)cs1)c1cccc(COc2ccccc2)n1,10000.0
O=C(Nc1nc(C(Cc2ccccc2)C(=O)NO)cs1)c1cccc(COc2ccccc2)n1,830.0
Cc1cc(C)cc(C(=O)Nc2nc(CC(=O)NO)cs2)c1,1830.0
CCc1cc(C(C)=O)c(O)cc1OCc1cccc(C(=O)NCC(=O)O)c1,920.0
CCc1cc(C(C)=O)c(O)cc1OCc1cccc(C(=O)NCCCCCC(=O)O)n1,7650.0
O=C(O)CCC(CCC(=O)O)(C(=O)O)c1csc(NC(=O)c2cccc(COc3ccccc3)n2)n1,9280.0
CCc1cc(C(C)=O)c(O)cc1OCc1cccc(C(=O)NC(C)C(=O)O)c1,130.0
CCc1cc(C(C)=O)c(O)cc1OCc1cccc(C(=O)NC(CO)C(=O)O)c1,680.0
CCc1cc(C(C)=O)c(O)cc1OCc1cccc(C(=O)NC(CO)CCC(=O)OC)n1,2640.0
O=C(Nc1nc(C2(C(=O)NO)CCOCC2)cs1)c1cccc(COc2ccccc2)n1,2490.0
O=C(Cc1csc(NC(=O)c2ccc(Cl)cc2Cl)n1)NO,4250.0
CCc1cc(C(C)=O)c(O)cc1OCc1cccc(C(=O)NC(CC(=O)O)C(=O)O)c1,8760.0
CCc1cc(C(C)=O)c(O)cc1OCc1cccc(C(=O)NCC(O)c2ccc(O)cc2)n1,3190.0
O=C(NO)C(=O)c1csc(NC(=O)c2cccc(COc3ccccc3)n2)n1,2200.0
O=C(Cc1csc(NC(=O)Cc2cccc(C(F)(F)F)c2)n1)NO,2070.0
CCc1cc(C(C)=O)c(O)cc1OCc1cccc(C(=O)NCC(=O)O)n1,1700.0
CCc1cc(C(C)=O)c(O)cc1OCc1cccc(C(=O)NCC(=O)O)n1,160.0
CCc1cc(C(C)=O)c(O)cc1OCc1cccc(C(=O)NC2COC(=O)C2)n1,7820.0
CCC(C(=O)Nc1nc(CC(=O)NO)cs1)c1ccccc1,6190.0
CCc1cc(C(C)=O)c(O)cc1OCc1cccc(C(=O)N[C@H](C)C(=O)O)n1,1030.0
CCc1cc(C(C)=O)c(O)cc1OCc1cccc(C(=O)N[C@@H](C)C(=O)O)n1,460.0
CCc1cc(C(C)=O)c(O)cc1OCc1cccc(C(=O)NC(C)C(=O)NO)n1,350.0
Cc1cccc(C(=O)Nc2nc(CC(=O)NO)cs2)c1Br,8430.0
CCc1cc(C(C)=O)c(O)cc1OCc1cccc(C(=O)NC(C(=O)O)C(C)C)n1,1240.0
COc1cc(OC)c(OC)c(C(=O)Nc2nc(CC(=O)NO)cs2)c1,2580.0
O=C(Cc1csc(NC(=O)c2ccccn2)n1)NO,3200.0
CCc1cc(C(C)=O)c(O)cc1OCc1cccc(C(=O)NC(CO)C(=O)OCc2ccccc2)n1,8620.0
CC(C)C(C(=O)NO)c1csc(NC(=O)c2cccc(COc3ccccc3)n2)n1,2420.0
O=C(Cc1csc(NC(=O)c2cnccc2Oc2ccc(Cl)cc2)n1)NO,320.0
CCC(=O)OCC(NC(=O)c1cccc(COc2cc(O)c(C(C)=O)cc2CC)n1)C(=O)O,6680.0
CCCCC(C(=O)NO)c1csc(NC(=O)c2cccc(COc3ccccc3)n2)n1,270.0
COc1ccc2c(c1)c(CC(=O)Nc1nc(CC(=O)NO)cs1)c(C)n2C(=O)c1ccc(Cl)cc1,1280.0
O=C(Cc1csc(NC(=O)COc2ccccc2)n1)NO,5620.0
CCc1cc(C(C)=O)c(O)cc1OCc1cccc(C(=O)Nc2nc(CC(=O)NO)cs2)n1,26.0
CCc1cc(C(C)=O)c(O)cc1OCc1cccc(C(=O)NC(Cc2ccc(O)cc2)C(=O)O)n1,3680.0
CCc1cc(C(C)=O)c(O)cc1OCc1cccc(C(=O)NC(C(=O)OC)C(C)O)n1,3350.0
CCc1cc(C(C)=O)c(O)cc1OCc1cccc(C(=O)NC(Cc2c[nH]cn2)C(=O)OC)n1,9070.0
O=C(Cc1csc(NC(=O)COc2ccc(Cl)cc2)n1)NO,1690.0
CCc1cc(C(C)=O)c(O)cc1OCc1cccc(C(=O)NC(O)CC(=O)OC)n1,6070.0
CC(C)CC(C(=O)NO)c1csc(NC(=O)c2cccc(COc3ccccc3)n2)n1,620.0
O=C(Cc1csc(NC(=O)CCCCCc2ccccc2)n1)NO,1900.0
CCc1cc(C(C)=O)c(O)cc1OCc1cccc(C(=O)NC(CO)CC(=O)O)n1,9460.0
CC(C)CC(C(=O)O)c1csc(NC(=O)c2cccc(COc3ccccc3)n2)n1,6250.0
CCc1cc(C(C)=O)c(O)cc1OCc1cccc(C(=O)NC(CC(=O)O)c2ccccc2)n1,1450.0
CCCCCCC(C(=O)NO)c1csc(NC(=O)c2cccc(COc3ccccc3)n2)n1,230.0
O=C(Cc1csc(NC(=O)c2ccccc2F)n1)NO,7560.0
CN(C)c1cccc(C(=O)Nc2nc(CC(=O)NO)cs2)c1,5470.0
CCOc1ccccc1-c1nc(O)c2nc3cc(C)ccn3c2n1,849.0
CCOc1ccccc1-c1nc(O)c2nc3ccc(C)cn3c2n1,381.0
CCOc1ccccc1-c1nc(O)c2nc3ccccn3c2n1,10000.0
CCOc1ccccc1-c1nc(O)c2nc3cccc(CN4CCN(C)CC4)n3c2n1,1570.0
CN1C(=O)c2[nH]c(Cc3ccccc3)nc2N2C1=N[C@@H]1CCC[C@@H]12,80.0
CCC[C@@H]1CN2C(=N1)N(CC)C(=O)c1nc(Cc3ccccc3)n(Cc3ccccc3)c12,35.0
CCN1C(=O)c2nc(Cc3ccccc3)n(Cc3ccccc3)c2N2C[C@@H](c3ccccc3)N=C12,40.0
CCOc1ccccc1-c1nc(O)c2nc3ccc(C#N)c(C)n3c2n1,4870.0
CCN1C(=O)c2[nH]c(Cc3ccccc3)nc2N2C[C@@H](C(C)C)N=C12,28.0
CN1C(=O)c2[nH]c(Cc3ccccc3)nc2N2C[C@@H](Cc3ccccc3)N=C12,100.0
CCN1C(=O)c2nc(Cl)n(Cc3ccccc3)c2N2C[C@@H](Cc3ccccc3)N=C12,60.0
CCN1C(=O)c2nc(Br)n(Cc3ccccc3)c2N2C[C@@H](Cc3ccccc3)N=C12,145.0
CCN1C(=O)c2nc(C#Cc3ccccc3)n(Cc3ccccc3)c2N2C[C@@H](Cc3ccccc3)N=C12,33.0
CCN1C(=O)c2nc(CCc3ccccc3)n(Cc3ccccc3)c2N2C[C@@H](Cc3ccccc3)N=C12,74.0
CCN1C(=O)c2nc(Br)n(Cc3ccc(OC)cc3)c2N2C[C@@H](Cc3ccccc3)N=C12,48.0
CCN1C(=O)c2nc(Cc3ccccc3)n(Cc3ccc(O)cc3)c2N2C[C@@H](Cc3ccccc3)N=C12,28.0
CCN1C(=O)c2nc(Br)n(Cc3ccc(O)cc3)c2N2C[C@@H](Cc3ccccc3)N=C12,7.8
CCN1C(=O)c2nc(C#Cc3ccccc3)n(Cc3ccc(O)cc3)c2N2C[C@@H](Cc3ccccc3)N=C12,6.5
CCN1C(=O)c2c(nc(Cc3ccccc3)n2Cc2ccc(OC)cc2)N2C[C@@H](Cc3ccccc3)N=C12,130.0
CCN1C(=O)c2c(nc(Br)n2Cc2ccc(OC)cc2)N2C[C@@H](Cc3ccccc3)N=C12,23.0
CCN1C(=O)c2c(nc(C#Cc3ccccc3)n2Cc2ccc(OC)cc2)N2C[C@@H](Cc3ccccc3)N=C12,14.0
CCN1C(=O)c2c(nc(Cc3ccccc3)n2Cc2ccc(O)cc2)N2C[C@@H](Cc3ccccc3)N=C12,29.0
CCN1C(=O)c2c(nc(Br)n2Cc2ccc(O)cc2)N2C[C@@H](Cc3ccccc3)N=C12,2.5
CCN1C(=O)c2c(nc(Cl)n2Cc2ccc(O)cc2)N2C[C@@H](Cc3ccccc3)N=C12,2.3
CCN1C(=O)c2c(nc(I)n2Cc2ccc(O)cc2)N2C[C@@H](Cc3ccccc3)N=C12,3.3
CCOc1ccccc1-c1nc(O)c2nc3cccc(CC)n3c2n1,634.0
CCOc1ccccc1-c1nc(O)c2nc3ccc(Br)c(C)n3c2n1,710.0
CCn1ncc2c3c(NCc4ccc(OC)c(Cl)c4)nnc(-n4cnc(C(=O)NC)c4)c3cnc21,0.3
Cc1nn(CC2CCCCC2)c(=O)c2nc(C)n3nc(-c4ccccc4)cc3c12,3100.0
Cc1nn(Cc2ccc(N)cc2)c(=O)c2nc(C)n3nc(-c4ccccc4)cc3c12,1100.0
Cc1nn(Cc2cccc(OP(=O)(O)O)c2)c(=O)c2nc(C)n3nc(-c4ccccc4)cc3c12,230.0
Cc1nn(Cc2ccccc2)c(=O)c2nc(C)n3nc(-c4ccc5c(c4)OCO5)cc3c12,13000.0
Cc1nn(Cc2ccccc2)c(=O)c2nc(C)n3nc(-c4ccccn4)cc3c12,270.0
Cc1nn(Cc2ccccc2)c(=O)c2nc(C)n3nc(-c4ccc(N)cc4)cc3c12,920.0
Cc1nn(Cc2ccccc2)c(=O)c2nc(-c3ccccc3)n3nc(-c4ccccc4)cc3c12,81.0
Cc1nn(Cc2ccccc2)c(=O)c2nc(Cc3ccncc3)n3nc(-c4ccccc4)cc3c12,450.0
Cc1nn(Cc2ccccc2)c(=O)c2nc(-c3ccccn3)n3nc(-c4ccccc4)cc3c12,81.0
Cc1nn(Cc2ccccc2)c(=O)c2nc(-c3cccnc3)n3nc(-c4ccccc4)cc3c12,180.0
Cc1nn(Cc2ccccc2)c(=O)c2nc(CCc3ccccc3)n3nc(-c4ccccc4)cc3c12,980.0
Cc1cccc(-c2nc3c(=O)n(Cc4ccccc4)nc(C)c3c3cc(-c4ccccc4)nn23)c1,75.0
CCOCc1nc2c(=O)n(Cc3ccccc3)nc(C)c2c2cc(-c3ccccc3)nn12,350.0
CSCc1nc2c(=O)n(Cc3ccccc3)nc(C)c2c2cc(-c3ccccc3)nn12,100.0
Cc1nn(Cc2ccccc2)c(=O)c2nc(CCCC(=O)O)n3nc(-c4ccccc4)cc3c12,30.0
Cc1nn(Cc2ccccc2)c(=O)c2nc(CCCCC(=O)O)n3nc(-c4ccccc4)cc3c12,90.0
CCC(CC)c1nc2c(=O)n(Cc3ccccc3)nc(C)c2c2cc(-c3ccccc3)nn12,67.0
CCC(C)c1nc2c(=O)n(Cc3cccc(OP(=O)(O)O)c3)nc(C)c2c2cc(-c3ccccc3)nn12,59.0
CCOc1ccccc1-c1nc(O)c2nc3cccc(CN4CCCC4)n3c2n1,1330.0
CCOc1ccccc1-c1nc(O)c2nc3ccc(Br)cn3c2n1,2160.0
CCOc1ccc(S(=O)(=O)N2CCN(C)CC2)cc1-c1nc2c(nc3ccccn32)c(=O)[nH]1,878.0
CCOc1ccc(S(=O)(=O)N2CCN(C)CC2)cc1-c1nc(O)c2nc3c(C)cccn3c2n1,80.0
CCOc1ccc(S(=O)(=O)N2CCN(C)CC2)cc1-c1nc(O)c2nc3cc(C)ccn3c2n1,112.0
CCOc1ccc(S(=O)(=O)N2CCN(C)CC2)cc1-c1nc(O)c2nc3cccc(C)n3c2n1,13.0
CCOc1ccc(S(=O)(=O)N2CCN(C)CC2)cc1-c1nc(O)c2nc3ccc(Br)cn3c2n1,146.0
CCOc1ccc(S(=O)(=O)N2CCN(C)CC2)cc1-c1nc(O)c2nc3ccc(Br)c(C)n3c2n1,33.0
CCOc1ccc(S(=O)(=O)N2CCN(CC)CC2)cc1-c1nc(O)c2nc3cccc(C)n3c2n1,9.0
C[C@@H](NC(=O)c1cccnc1Oc1ccc(F)cc1)c1cccs1,16000.0
N#Cc1c(C(F)(F)F)cc(-c2cccs2)nc1SCc1ccc(C(=O)O)cc1,700.0
Cn1c(=O)[nH]c(=O)c2c1nc(S)n2CC(O)COc1ccc2ccccc2c1,8700.0
Cc1ccc(-c2cc(C(=O)Nc3ccc(S(N)(=O)=O)cc3)c3ccccc3n2)s1,6300.0
COc1ccccc1Nc1nc(-c2sc(N)nc2C)cs1,3000.0
N#Cc1c(/N=C/c2ccc(-c3ccc(C(=O)O)cc3)o2)sc2c1CCCC2,2100.0
CCCc1nn(C)c2c(O)nc(-c3cc(C(=O)CN4CCOCC4)ccc3OCC)nc12,1.7
CCCCOc1ncc(C(C)=O)cc1-c1nc(O)c2nn(Cc3ccccn3)c(CCC)c2n1,3.1
CCCc1nn(C)c2c(O)nc(-c3cc(C(C)=O)ccc3OCC)nc12,17.0
CCCOc1ncc(C(C)=O)cc1-c1nc(O)c2nn(C3CN(C)C3)c(CCC)c2n1,14.7
CCc1c2nc(-c3cc(C(C)=O)cnc3OCCOC)nc(O)c2nn1CCN1CCOCC1,53.0
CCCCOc1ncc(C(C)=O)cc1-c1nc(O)c2nn(C3CCN(CC)CC3)c(CC)c2n1,3.6
CCCCOc1ncc(C(C)=O)cc1-c1nc(O)c2nn(C3CCN(C)CC3)c(CC)c2n1,9.1
CCCCOc1ncc(C(C)=O)cc1-c1nc(O)c2nn(C3CN(C)C3)c(CC)c2n1,6.4
CCCCOc1ncc(C(C)=O)cc1-c1nc(O)c2nn(Cc3nccn3C)c(CC)c2n1,0.9
CCCCOc1ncc(C(C)=O)cc1-c1nc(O)c2nn(CCN3CCOCC3)c(CC)c2n1,2.6
CCc1c2nc(-c3cc(C(C)=O)cnc3OCC(C)C)nc(O)c2nn1C1CN(C)C1,8.2
CCCOc1ncc(C(C)=O)cc1-c1nc(O)c2nn(C3CCN(CC)CC3)c(CC)c2n1,13.0
CCCOc1ncc(C(C)=O)cc1-c1nc(O)c2nn(C3CCN(C)CC3)c(CC)c2n1,12.0
CCCOc1ncc(C(C)=O)cc1-c1nc(O)c2nn(C3CCNCC3)c(CC)c2n1,7.0
CCCOc1ncc(C(C)=O)cc1-c1nc(O)c2nn(C3CN(C(C)C)C3)c(CC)c2n1,5.2
CCCOc1ncc(C(C)=O)cc1-c1nc(O)c2nn(C3CN(CC)C3)c(CC)c2n1,7.1
CCCOc1ncc(C(C)=O)cc1-c1nc(=O)c2nn(C3CNC3)c(CCC)c2[nH]1,18.2
COc1cccc(Cn2nc(C)c3c(nc(C)n4nc(-c5ccccc5)cc34)c2=O)c1,100.0
Cc1nn(Cc2ccncc2)c(=O)c2nc(C)n3nc(-c4ccccc4)cc3c12,240.0
Cc1nn(C)c(=O)c2nc(C)n3nc(-c4ccccc4)cc3c12,1500.0
Cc1nn(Cc2ccc3c(c2)OCO3)c(=O)c2nc(C)n3nc(-c4ccccc4)cc3c12,390.0
Cc1nn(Cc2ccccc2)c(=O)c2nc(C)n3nc(-c4ccsc4)cc3c12,140.0
Cc1nn(Cc2ccccc2)c(=O)c2nc(C)n3nc(-c4ccoc4)cc3c12,50.0
CCc1nc2c(=O)n(Cc3ccccc3)nc(C)c2c2cc(-c3ccccc3)nn12,38.0
CC(=O)CCc1nc2c(=O)n(Cc3ccccc3)nc(C)c2c2cc(-c3ccccc3)nn12,8.3
COC(=O)CCc1nc2c(=O)n(Cc3ccccc3)nc(C)c2c2cc(-c3ccccc3)nn12,79.0
COC(=O)CCCCc1nc2c(=O)n(Cc3ccccc3)nc(C)c2c2cc(-c3ccccc3)nn12,95.0
Cc1nn(Cc2ccccc2)c(=O)c2nc(C)n3nc(-c4ccc(Cl)cc4)cc3c12,370.0
CCOCc1nn(Cc2ccccc2)c(=O)c2nc(C)n3nc(-c4ccccc4)cc3c12,71.0
CCc1nn(Cc2ccccc2)c(=O)c2nc(C)n3nc(-c4ccccc4)cc3c12,220.0
Cc1nc2c(=O)n(Cc3ccccc3)nc(C(C)C)c2c2cc(-c3ccccc3)nn12,100.0
Cc1nc2c(=O)n(Cc3ccccc3)nc(CN(C)C)c2c2cc(-c3ccccc3)nn12,1400.0
COc1ccc2cncc(Cc3nc4c([nH]3)c(=O)n(C)c(=O)n4CC(C)C)c2c1,2.0
CC(C)Cn1c(=O)n(C)c(=O)c2[nH]c(Cc3cncc4ccccc34)nc21,34.0
CC(C)Cn1c(=O)n(C)c(=O)c2[nH]c(Cc3cncc4cc5c(cc34)OCO5)nc21,10000.0
COc1cc2c(Cc3nc4c([nH]3)c(=O)n(C)c(=O)n4CC(C)C)cnc(C)c2cc1OC,2.0
COc1cc2cncc(Cc3nc4c([nH]3)c(=O)n(C)c(=O)n4Cc3ccc(NS(=O)(=O)C(C)C)cc3)c2cc1OC,5.0
COc1cc2cncc(Cc3nc4c([nH]3)c(=O)n(C)c(=O)n4Cc3ccc(NC(C)=O)cc3)c2cc1OC,42.0
COc1ccc(Cn2c(=O)n(C)c(=O)c3[nH]c(Cc4cncc5cc(OC)c(OC)cc45)nc32)cc1OC,33.0
COc1cc2cncc(Cc3nc4c([nH]3)c(=O)n(C)c(=O)n4CC(C)(C)C)c2cc1OC,8.0
C=C(C)Cn1c(=O)n(C)c(=O)c2[nH]c(Cc3cncc4cc(OC)c(OC)cc34)nc21,30.0
CC(C)Cn1c(=O)n(C)c(=O)c2[nH]c(CC3CC4CCC3C4)nc21,25.0
COc1cc2cncc(C(C)c3nc4c([nH]3)c(=O)n(C)c(=O)n4CC(C)C)c2cc1OC,94.0
COc1cc2cncc(Cc3nc4c(c(=O)n(C)c(=O)n4CC(C)C)n3C)c2cc1OC,553.0
CCCOc1ccc(S(=O)(=O)N2CCC(CP(=O)(O)O)CC2)cc1-c1nc2c(CCC)nn(C)c2c(=O)[nH]1,3090295432513.59
CCCc1nn(C)c2c(=O)[nH]c(-c3cc(S(=O)(=O)N4CCC(C(=O)O)CC4)ccc3OCC)nc12,1949844599758.04
CCCOc1ccc(S(=O)(=O)N2CCC(P(=O)(OCC)OCC)CC2)cc1-c1nc2c(CCC)nn(C)c2c(=O)[nH]1,2454708915685.03
CCCOc1ccc(S(=O)(=O)N2CCN(CP(=O)(OCC)OCC)CC2)cc1-c1nc(O)c2c(n1)c(CCC)nn2C,1737800828749.38
CCCOc1ccc(S(=O)(=O)N2CCN(CCP(=O)(O)OCC)CC2)cc1-c1nc2c(CCC)nn(C)c2c(=O)[nH]1,3548133892335.76
CCCOc1ccc(S(=O)(=O)N2CCN(CP(=O)(O)OCC)CC2)cc1-c1nc2c(CCC)nn(C)c2c(=O)[nH]1,5495408738576.25
CCCOc1ccc(NC(=O)C2CCCCC2)cc1-c1nc2c(CCC)nn(C)c2c(=O)[nH]1,2398832919019.48
CCCOc1ccc(NC(=O)C(C)C)cc1-c1nc2c(CCC)nn(C)c2c(=O)[nH]1,2884031503126.61
CCCOc1ccc(NC(=O)CCC)cc1-c1nc2c(CCC)nn(C)c2c(=O)[nH]1,3715352290971.73
CCCOc1ccc(NC(C)=O)cc1-c1nc2c(CCC)nn(C)c2c(=O)[nH]1,1230268770812.38
CCCc1nn(C)c2c(=O)[nH]c(-c3cc(S(=O)(=O)N4CCN(CCO)CC4)cc4c3OCO4)nc12,3019951720.4
CCCc1nn(C)c2c(=O)[nH]c(-c3cc(S(=O)(=O)N4CCN(CCO)CC4)cc4c3OCC4)nc12,4897788193.68
CCCc1nn(C)c2c(=O)[nH]c(-c3cc(S(=O)(=O)N4CCN(C)CC4)cc4c3OCO4)nc12,2344228815.32
CCCc1nn(C)c2c(=O)[nH]c(-c3cc(S(=O)(=O)N4CCN(C)CC4)cc4c3OCC4)nc12,4168693834.7
CCCOc1ccc(S(=O)(=O)N2CCC(CCCC(=O)O)CC2)cc1-c1nc2c(CCC)nn(C)c2c(=O)[nH]1,1995262314968.88
CCCOc1ccc(S(=O)(=O)N2CCC(C(=O)O)CC2)cc1-c1nc2c(CCC)nn(C)c2c(=O)[nH]1,6606934480075.96
CCCc1nn(C)c2c(=O)[nH]c(-c3cc(S(=O)(=O)N4CCN(CCC(=O)O)CC4)ccc3OCC)nc12,2454708915685.03
CCCc1nn(C)c2c(=O)[nH]c(-c3cc(S(=O)(=O)N4CCC(CCC(=O)O)CC4)ccc3OCC)nc12,6606934480075.96
CCCc1nn(C)c2c(=O)[nH]c(-c3cc(S(=O)(=O)N4CCC(CC(=O)O)CC4)ccc3OCC)nc12,3019951720402.02
COc1ccc(C2=Nn3c(nnc3-c3ccccc3OC)SC2)cc1OC,50000.0
CCCc1nn(C)c2c(=O)[nH]c(-c3cc(S(=O)(=O)NCCNCC(=O)O)ccc3OCC)nc12,500.0
CCCc1nn(C)c2c(=O)[nH]c(-c3cc(S(=O)(=O)NCCN(CC(=O)O)S(=O)(=O)c4ccc(OCC)c(-c5nc6c(CCC)nn(C)c6c(=O)[nH]5)c4)ccc3OCC)nc12,38.0
CCCc1nn(C)c2c(=O)[nH]c(-c3cc(S(=O)(=O)N4CCN(c5ccccc5F)CC4)ccc3OCC)nc12,60.0
CCCc1nn(C)c2c(=O)[nH]c(-c3cc(S(=O)(=O)N4CCN(c5ccc(F)cc5)CC4)ccc3OCC)nc12,70.0
CCCc1nn(C)c2c(=O)[nH]c(-c3cc(S(=O)(=O)N4CCN(c5cccc(Cl)c5)CC4)ccc3OCC)nc12,100.0
CCCc1nn(C)c2c(=O)[nH]c(-c3cc(S(=O)(=O)N4CCN(c5ccc(Cl)cc5)CC4)ccc3OCC)nc12,140.0
CCCc1nn(C)c2c(=O)[nH]c(-c3cc(S(=O)(=O)N4CCN(CCOC(=O)CCCO[N+](=O)[O-])CC4)ccc3OCC)nc12,530.0
CCCc1nn(C)c2c(=O)[nH]c(-c3cc(S(=O)(=O)NCCN(CCO)S(=O)(=O)c4ccc(OCC)c(-c5nc6c(CCC)nn(C)c6c(=O)[nH]5)c4)ccc3OCC)nc12,310.0
CCCc1nn(C)c2c(=O)[nH]c(-c3cc(S(=O)(=O)N4CCN(C5CCCCC5)CC4)ccc3OCC)nc12,70.0
CCCc1nn(C)c2c(=O)[nH]c(-c3cc(S(=O)(=O)N4CCN(Cc5ccc6c(c5)OCO6)CC4)ccc3OCC)nc12,320.0
CCCc1nn(C)c2c(=O)[nH]c(-c3cc(S(=O)(=O)N4CCN(c5cccc6ccccc56)CC4)ccc3OCC)nc12,370.0
CCCc1nn(C)c2c(=O)[nH]c(-c3cc(S(=O)(=O)NCCNc4ccccc4)ccc3OCC)nc12,200.0
COc1ccc(-c2oc3c(CC=C(C)C)c(OCCO)cc(O)c3c(=O)c2OCCO)cc1,74.0
COc1ccc(-c2oc3c(CC=C(C)C)c(OCCO)cc(O)c3c(=O)c2O[C@@H]2O[C@H](C)[C@@H](O)[C@H](O)[C@@H]2O)cc1,360.0
COc1ccc(-c2oc3c(CC=C(C)C)c(O)cc(O)c3c(=O)c2O[C@@H]2O[C@H](C)[C@@H](O)[C@H](O)[C@@H]2O)cc1,160.0
CC(C)=CCc1c(O)cc(O)c2c(=O)c(O)c(-c3ccc(O)c(O)c3)oc12,700.0
CC(C)=CCc1c(O)cc(O)c2c(=O)cc(-c3ccc(O)cc3)oc12,1290.0
CCOC(=O)c1sc(Nc2nc(N3CCC(O)CC3)cc(N3CCC(O)CC3)n2)nc1C,700.0
CCOC(=O)c1sc(Nc2nc(N3CCC(N(C)C)CC3)cc(N3CCCC(CO)C3)n2)nc1C,10000.0
CCOC(=O)c1sc(Nc2nc(N3CCC(N(C)C)CC3)cc(N3CCN(C)CC3)n2)nc1C,10000.0
CCOC(=O)c1sc(Nc2nc(N(C)Cc3cc(OC)c(OC)c(OC)c3)cc(N3CCN(C)CC3)n2)nc1C,5200.0
CCOC(=O)c1sc(Nc2nc(NCc3ccc(OC)c(OC)c3)cc(N3CCNCC3)n2)nc1C,320.0
CCOC(=O)c1sc(Nc2nc(NCc3ccc(S(N)(=O)=O)cc3)cc(N3CCNCC3)n2)nc1C,72.0
CCN1C(=O)c2c(nc(Cc3ccccc3)n2Cc2ccc(Cl)cc2)N2C1=N[C@@H]1CCC[C@@H]12,158.49
CCN1C(=O)c2c(nc(Cc3ccccc3)n2Cc2ccc(OC)c(Cl)c2)N2C1=N[C@@H]1CCC[C@@H]12,57.54
CCN1C(=O)c2c(nc(C#Cc3ccccc3)n2Cc2ccc(Cl)cc2)N2C1=N[C@@H]1CCC[C@@H]12,5.012
CCN1C(=O)c2c(nc(C#Cc3ccccc3)n2Cc2ccc(OC)cc2)N2C1=N[C@@H]1CCC[C@@H]12,3.09
CCN1C(=O)c2c(nc(C#Cc3ccccc3)n2Cc2ccc(O)cc2)N2C1=N[C@@H]1CCC[C@@H]12,0.302
CCSc1nc2c(n1Cc1ccc(OC)cc1)C(=O)N(CC)C1=N[C@@H]3CCC[C@@H]3N12,12.88
CCN1C(=O)c2c(nc(C(=O)OC)n2Cc2ccc(OC)cc2)N2C1=N[C@@H]1CCC[C@@H]12,6.761
CCN1C(=O)c2c(nc(C(N)=O)n2Cc2ccc(OC)cc2)N2C1=N[C@@H]1CCC[C@@H]12,3.981
CCN1C(=O)c2c(nc(C(F)(F)F)n2Cc2ccc(O)cc2)N2C1=N[C@@H]1CCC[C@@H]12,7.079
CCN1C(=O)c2c(ncn2Cc2ccc(OC)c(Br)c2)N2C1=N[C@@H]1CCC[C@@H]12,6.457
CCN1C(=O)c2c(ncn2Cc2ccc(OC)c(Cl)c2)N2C1=N[C@@H]1CCC[C@@H]12,8.318
CCN1C(=O)c2c(nc(C(N)=O)n2Cc2ccc(OC)c(Br)c2)N2C1=N[C@@H]1CCC[C@@H]12,1.514
CCN1C(=O)c2c(nc(C(=O)NC)n2Cc2ccc(O)c(Cl)c2)N2C1=N[C@@H]1CCC[C@@H]12,1.288
CCOc1nc2c(n1Cc1ccc(O)c(Cl)c1)C(=O)N(CC)C1=N[C@@H]3CCC[C@@H]3N12,2.089
CCN1C(=O)c2c(nc(OC)n2Cc2ccc(O)c(Cl)c2)N2C1=N[C@@H]1CCC[C@@H]12,1.995
CCN1C(=O)c2c(nc(C(N)=O)n2Cc2ccc(O)c(Cl)c2)N2C[C@@H](Cc3ccccc3)N=C12,3.02
CCN1C(=O)c2c(nc(OCc3ccccc3)n2Cc2ccc(O)c(Cl)c2)N2C[C@@H](Cc3ccccc3)N=C12,2.089
CCN1C(=O)c2c(nc(OC)n2Cc2ccc(OC)c(Br)c2)N2C[C@@H](Cc3ccccc3)N=C12,2.188
CCN1C(=O)c2c(nc(OC)n2Cc2ccc(O)c(Cl)c2)N2C[C@@H](Cc3ccccc3)N=C12,1.905
CCN1C(=O)c2c(nc(Cc3ccccc3)n2Cc2ccc(N)cc2)N2C1=N[C@@H]1CCC[C@@H]12,549.54
CCN1C(=O)c2c(nc(C#Cc3ccccc3)n2Cc2ccccc2)N2C1=N[C@@H]1CCC[C@@H]12,7.943
CCN1C(=O)c2c(ncn2Cc2ccc(OC)cc2)N2C1=N[C@@H]1CCC[C@@H]12,54.95
CCN1C(=O)c2c(nc(C(F)(F)F)n2Cc2ccc(OC)cc2)N2C1=N[C@@H]1CCC[C@@H]12,47.86
CCN1C(=O)c2c(nc(N)n2Cc2ccc(O)cc2)N2C1=N[C@@H]1CCC[C@@H]12,21.88
CCOc1nc2c(n1Cc1ccc(O)cc1)C(=O)N(CC)C1=N[C@@H]3CCC[C@@H]3N12,0.8913
CCN1C(=O)c2c(nc(OC)n2Cc2ccc(O)c(C#N)c2)N2C[C@@H](Cc3ccccc3)N=C12,42.66
CC(C)c1n[nH]c2c(=O)[nH]c(C[C@@H]3CCCC[C@H]3Nc3ncc(C(=O)O)c(C(F)(F)F)n3)nc12,370.0
CC(C)c1n[nH]c2c(=O)[nH]c(Cc3ccccc3OCCN3CCOCC3)nc12,5200.0
CCOc1ccc([C@H]2c3[nH]c4ccccc4c3C[C@@H]3C(=O)N(CCn4cccc4)C(=O)N23)cc1,100.0
CCOc1ccc([C@H]2c3[nH]c4ccccc4c3C[C@@H]3C(=O)N(CCc4ccccn4)C(=O)N23)cc1,6.026
CCOc1ccc([C@H]2c3[nH]c4ccccc4c3C[C@@H]3C(=O)N(Cc4cccnc4)C(=O)N23)cc1,19.95
CCOc1ccc([C@H]2c3[nH]c4ccccc4c3C[C@@H]3C(=O)N(CCN(C)C)C(=O)N23)cc1,30.2
CCOc1ccc([C@@H]2c3[nH]c4ccccc4c3C[C@@H]3C(=O)N(C4CCCCC4)C(=O)N23)cc1,7.079
CCOc1ccc([C@H]2c3[nH]c4ccccc4c3C[C@@H]3C(=O)N(Cc4ccccc4)C(=O)N23)cc1,18.2
CCOc1ccc([C@@H]2c3[nH]c4ccccc4c3C[C@@H]3C(=O)N(Cc4ccccc4)C(=O)N23)cc1,3.981
CCOc1ccc([C@H]2c3[nH]c4ccccc4c3C[C@@H]3C(=O)N(CC)C(=O)N23)cc1,7.079
CCOc1ccc([C@@H]2c3[nH]c4ccccc4c3C[C@@H]3C(=O)N(CC)C(=O)N23)cc1,10.0
CCOc1ccc([C@@H]2c3[nH]c4ccccc4c3C[C@@H]3C(=O)N(C)C(=O)N23)cc1,10.0
CCOc1ccc([C@H]2c3[nH]c4ccccc4c3C[C@@H]3C(=O)NC(=O)N23)cc1,19.95
CCCCN1C(=O)[C@H]2Cc3c(n(C)c4ccccc34)[C@H](c3ccc(OC)cc3)N2C1=O,1995.26
CCCCN1C(=O)[C@H]2Cc3c([nH]c4ccccc34)[C@H](c3ccccc3OC)N2C1=O,1000.0
CCCCN1C(=O)[C@H]2Cc3c([nH]c4ccccc34)[C@H](c3ccc(C#N)cc3)N2C1=O,302.0
CCCCN1C(=O)[C@H]2Cc3c([nH]c4ccccc34)[C@@H](c3ccc(C#N)cc3)N2C1=O,912.01
CCCCN1C(=O)[C@H]2Cc3c([nH]c4ccccc34)[C@H](c3ccc(Cl)cc3)N2C1=O,19.95
CCCCN1C(=O)[C@H]2Cc3c([nH]c4ccccc34)[C@@H](c3ccc(Cl)cc3)N2C1=O,50.12
CCCCN1C(=O)[C@H]2Cc3c([nH]c4ccccc34)[C@@H](c3cccc(Cl)c3)N2C1=O,50.12
CCCCN1C(=O)[C@H]2Cc3c([nH]c4ccccc34)[C@H](c3ccc(OC)cc3)N2C1=O,5.012
CCCCN1C(=O)[C@H]2Cc3c([nH]c4ccccc34)[C@@H](c3ccc(OC)cc3)N2C1=O,7.943
CCCCN1C(=O)[C@H]2Cc3c([nH]c4ccccc34)[C@H](c3ccccc3)N2C1=O,19.95
CCCCN1C(=O)[C@H]2Cc3c([nH]c4ccccc34)[C@@H](c3ccccc3)N2C1=O,60.26
CCCCN1C(=O)[C@H]2Cc3c([nH]c4ccccc34)[C@@H](c3ccoc3)N2C1=O,100.0
CCCCN1C(=O)[C@H]2Cc3c([nH]c4ccccc34)[C@@H](c3ccsc3)N2C1=O,30.2
CCCCN1C(=O)[C@H]2Cc3c([nH]c4ccccc34)[C@@H](c3ccncc3)N2C1=O,302.0
CCCc1nc(C)c2c(=O)[nH]c(-c3ccccc3OCC)nn12,5.012
CCCc1nn(C)c2c(=O)[nH]c(-c3cc(S(=O)(=O)N4CCNCC4)ccc3OCC)nc12,5.754
CCCc1nn(C)c2c(=O)[nH]c(-c3cc(S(=O)(=O)N4CCC(C(N)=O)CC4)ccc3OCC)nc12,2.089
CCCc1nn(C)c2c(=O)[nH]c(-c3ccccc3NS(C)(=O)=O)nc12,776.25
CCCc1nn(C)c2c(=O)[nH]c(-c3ccccc3OCC3CC3)nc12,954.99
CCc1c2nc(-c3cc(S(=O)(=O)N4CCN(CC)CC4)cnc3O[C@H](C)COC)[nH]c(=O)c2nn1C,4.2
CCCN1CCN(S(=O)(=O)c2cnc(O[C@H](C)COC)c(-c3nc4c(CC)n(C)nc4c(=O)[nH]3)c2)CC1,5.6
CCc1c2nc(-c3cc(S(=O)(=O)N4CCN(CC)CC4)cnc3O[C@H](C)COC)[nH]c(=O)c2nn1Cc1ccccn1,0.62
CCc1c2nc(-c3cc(S(=O)(=O)N4CCN(CC)CC4)cnc3O[C@H](C)COC)[nH]c(=O)c2nn1CCOC,0.89
CCc1c2nc(-c3cc(S(=O)(=O)N4CCN(CC)CC4)cnc3O[C@H](C)c3ccccn3)[nH]c(=O)c2nn1C,3.0
CCCN1CCN(S(=O)(=O)c2cnc(O[C@@H](C)COC)c(-c3nc4c(CC)n(C)nc4c(=O)[nH]3)c2)CC1,100.0
CCc1c2nc(-c3cc(S(=O)(=O)N4CCN(CC)CC4)cnc3O[C@@H](C)COC)[nH]c(=O)c2nn1CCOC,80.0
CCCC(O)(c1ccc(Oc2ccccn2)c(OC)c1)c1cnc2ccccc2c1,40000.0
CCCC(=O)c1ccc(OC)c(OC2CCOCC2)c1,50000.0
COc1cc(C(CC(C)=O)c2cnc3ccccc3c2)ccc1Oc1ccccn1,50000.0
CCCOCCn1c(=O)c(NCCN2CCOCC2)nc2ccc(-c3ccc(OC)nc3)nc21,2.9
CCCOCCn1c(=O)c(NCCN2CCOCC2)nc2ccc(-c3ccc(OC)nc3)cc21,0.9
CCCOCCn1c(=O)c(NCCN2CCOCC2)nc2ncc(-c3ccc(OC)nc3)nc21,1.21
CCCOCCn1c(=O)c(NCCN2CCOCC2)nc2cnc(-c3ccc(OC)nc3)cc21,0.07
CCCOCCn1c(=O)c(NCCN2CCOCC2)nc2ncc(-c3ccc(OC)nc3)cc21,0.34
COc1ccc(-c2ccc3nc(NCC4CCOCC4)c(=O)n(CC4CCCCC4)c3n2)cn1,0.3
COc1ncc(-c2ccc3nc(NCC4CCOCC4)c(=O)n(CC4CCCCC4)c3n2)cn1,0.3
Cc1noc(C)c1-c1ccc2nc(NCCN3CCOCC3)c(=O)n(CC3CCCCC3)c2n1,1.0
CCCOCCn1c(=O)c(NCC2CCOCC2)nc2ccc(-c3ccc(OC)nc3)nc21,2.3
CCCOCCn1c(=O)c(NCCN2CCOCC2)nc2ccc(-c3ccc(OC)nc3)nc21,2.4
O=c1c(NCC2CCOCC2)nc2ccc(-c3ccc(O)nc3)nc2n1CC1CCCCC1,2.9
O=c1c(NCC2CCOCC2)nc2ccc(-c3ccc(F)cc3)nc2n1Cc1ccccn1,20.3
CCCOCCn1c(=O)c(NCC2CCOCC2)nc2ccc(-c3ccc(F)cc3)nc21,22.4
CCCOCCn1c(=O)c(NCCN2CCOCC2)nc2ccc(-c3cnc(OC)nc3)nc21,26.7
CCCOCCn1c(=O)c(NCCN2CCOCC2)nc2ccc(-c3c(C)noc3C)nc21,36.5
CC(C)OCCn1c(=O)c(NCCN2CCOCC2)nc2ccc(-c3ccc(F)c(F)c3)nc21,52.5
CCOCCn1c(=O)c(NCC2CCOCC2)nc2ccc(-c3ccc(F)cc3)nc21,149.0
CCCOCCn1c(=O)c(NCCN2CCOCC2)nc2ccc(-c3ccc(O)nc3)nc21,534.0
CCCCCN1C(=O)CN(C)c2ncc(-c3ccc(F)c(F)c3)cc21,43.0
COc1ccc(Cn2c(=O)ccc3ccc(-c4ccncc4)cc32)cc1,25.0
CC(C)(C)C1CCc2c(sc(NC(=O)c3ccncc3)c2C(N)=O)C1,10000.0
CCCOCCn1c(=O)c(NCCN2CCOCC2)nc2ncc(-c3ccc(OC)nc3)cc21,0.34
CCCOCCn1c(=O)c(NCCN2CCOCC2)nc2cnc(-c3ccc(OC)nc3)cc21,0.07
CCCOCCn1c(=O)c(NCCN(C)C)nc2cnc(-c3ccc(OC)nc3)cc21,0.78
CCCOCCn1c(=O)c(NCCN)nc2ncc(-c3ccc(OC)nc3)cc21,16.3
CCCOCCn1c(=O)c(NCCNCCO)nc2cnc(-c3ccc(OC)nc3)cc21,1.1
CCCOCCn1c(=O)c(NCCO)nc2ncc(-c3ccc(OC)nc3)cc21,1.17
CCCOCCn1c(=O)c(NCCOCC)nc2ncc(-c3ccc(OC)nc3)cc21,0.17
CCCOCCn1c(=O)c(NCCOCC)nc2cnc(-c3ccc(OC)nc3)cc21,0.11
CCCOCCn1c(=O)c(NCC2CCOCC2)nc2ncc(-c3ccc(OC)nc3)cc21,0.14
CCCOCCn1c(=O)c(NCC2CCCO2)nc2cnc(-c3ccc(OC)nc3)cc21,0.05
CCCOCCn1c(=O)c(NCC(=O)O)nc2ncc(-c3ccc(OC)nc3)cc21,2.95
CCCOCCn1c(=O)c(NCC(=O)O)nc2cnc(-c3ccc(OC)nc3)cc21,1.05
CCCOCCn1c(=O)c(NCC(=O)N(C)C)nc2ncc(-c3ccc(OC)nc3)cc21,2.59
CCCOCCn1c(=O)c(NCc2ccccn2)nc2ncc(-c3ccc(OC)nc3)cc21,0.36
CCCOCCn1c(=O)c(NCc2ccccn2)nc2cnc(-c3ccc(OC)nc3)cc21,0.04
CCCOCCn1c(=O)c(NCC(N)=O)nc2cnc(-c3ccc(OC)nc3)cc21,0.68
CCCOCCn1c(=O)c(NCC(=O)NC)nc2ncc(-c3ccc(OC)nc3)cc21,0.43
CCCOCCn1c(=O)c(NCC(=O)N2CCCC2)nc2cnc(-c3ccc(OC)nc3)cc21,0.08
CCCOCCn1c(=O)c(NCC(=O)N2CCC(O)CC2)nc2cnc(-c3ccc(OC)nc3)cc21,0.13
CCCOCCn1c(=O)c(NCC(=O)N2CCOCC2)nc2cnc(-c3ccc(OC)nc3)cc21,0.15
CCCOCCn1c(=O)c(NCC(=O)N2CCN(CC)CC2)nc2ncc(-c3ccc(OC)nc3)cc21,0.38
CCCOCCn1c(=O)c(NCC(=O)N2CCN(CC)CC2)nc2cnc(-c3ccc(OC)nc3)cc21,0.13
CCCOCCn1c(=O)c(NCCCO)nc2cnc(-c3ccc(OC)nc3)cc21,0.26
CCCOCCn1c(=O)c(NC[C@H](C)O)nc2ncc(-c3ccc(OC)nc3)cc21,0.34
CCCOCCn1c(=O)c(NC[C@H](C)O)nc2cnc(-c3ccc(OC)nc3)cc21,0.09
CCCOCCn1c(=O)c(NC[C@@H](C)O)nc2ncc(-c3ccc(OC)nc3)cc21,0.54
CCCOCCn1c(=O)c(N[C@H](C)CO)nc2ncc(-c3ccc(OC)nc3)cc21,0.88
CCCOCCn1c(=O)c(N[C@H](C)CO)nc2cnc(-c3ccc(OC)nc3)cc21,0.14
CCCOCCn1c(=O)c(N[C@@H](C)CO)nc2cnc(-c3ccc(OC)nc3)cc21,0.24
CCCOCCn1c(=O)c(N[C@H]2CC[C@H](O)CC2)nc2ncc(-c3ccc(OC)nc3)cc21,0.32
CCCOCCn1c(=O)c(N[C@H]2CC[C@H](O)CC2)nc2cnc(-c3ccc(OC)nc3)cc21,0.05
CCCOCCn1c(=O)c(N2CCN([C@H](C)[C@@H](C)O)CC2)nc2cnc(-c3ccc(OC)nc3)cc21,0.3
CCCOCCn1c(=O)c(N2CCN(CC(C)(C)O)CC2)nc2cnc(-c3ccc(OC)nc3)cc21,0.21
CCCOCCn1c(=O)c(N2CCN(C[C@@H](C)O)CC2)nc2cnc(-c3ccc(OC)nc3)cc21,0.23
CCCOCCn1c(=O)c(N2CCCN(CCCO)CC2)nc2cnc(-c3ccc(OC)nc3)cc21,1.08
CCCOCCn1c(=O)c(N2CCCN(CCO)CC2)nc2cnc(-c3ccc(OC)nc3)cc21,0.72
CCCOCCn1c(=O)c(N2CCN(CCCO)CC2)nc2cnc(-c3ccc(OC)nc3)cc21,0.18
CCCOCCn1c(=O)c(N2CCN(CCO)CC2)nc2cnc(-c3ccc(OC)nc3)cc21,0.2
CCCOCCn1c(=O)c(N2CCN(CC)CC2)nc2cnc(-c3ccc(OC)nc3)cc21,0.22
CCCOCCn1c(=O)c(N2C[C@H]3C[C@@H]2CN3)nc2cnc(-c3ccc(OC)nc3)cc21,2.38
CCCOCCn1c(=O)c(N2CCNCC2)nc2cnc(-c3ccc(OC)nc3)cc21,3.28
CCCOCCn1c(=O)c(NCCNCCO)nc2cnc(-c3ccc(OC)nc3)cc21,1.12
COC(=O)[C@H]1Cc2c([nH]c3ccccc23)[C@@H](c2ccccc2Br)N1,5600.0
COC(=O)[C@@H]1Cc2c([nH]c3ccccc23)[C@@H](c2ccccc2Br)N1,3100.0
CCN1C(=O)[C@H]2Cc3c([nH]c4ccccc34)[C@H](c3ccccc3Br)N2C1=O,4000.0
CCN1C(=O)[C@@H]2Cc3c([nH]c4ccccc34)[C@H](c3ccccc3Br)N2C1=O,640.0
CCN1C(=O)[C@H]2Cc3c([nH]c4ccccc34)[C@H](c3ccccc3Br)N2C1=S,74000.0
CCN1C(=O)[C@@H]2Cc3c([nH]c4ccccc34)[C@@H](c3ccccc3Br)N2C1=S,6100.0
CN1CC(=O)N2[C@H](c3ccccc3Br)c3[nH]c4ccccc4c3C[C@@H]2C1=O,100.0
CN1CC(=O)N2[C@@H](c3ccccc3Br)c3[nH]c4ccccc4c3C[C@@H]2C1=O,88000.0
CN1CC(=O)N2[C@@H](c3ccccc3Br)c3[nH]c4ccccc4c3C[C@H]2C1=O,2800.0
CCN1CC(=O)N2[C@H](c3ccccc3Br)c3[nH]c4ccccc4c3C[C@@H]2C1=O,320.0
CCN1CC(=O)N2[C@@H](c3ccccc3Br)c3[nH]c4ccccc4c3C[C@@H]2C1=O,41000.0
CCN1CC(=O)N2[C@@H](c3ccccc3Br)c3[nH]c4ccccc4c3C[C@H]2C1=O,32000.0
CCCCN1CC(=O)N2[C@H](c3ccccc3Br)c3[nH]c4ccccc4c3C[C@@H]2C1=O,260.0
CCCCN1CC(=O)N2[C@H](c3ccccc3Br)c3[nH]c4ccccc4c3C[C@H]2C1=O,50.0
O=C1[C@H]2Cc3c([nH]c4ccccc34)[C@@H](c3ccccc3Br)N2C(=O)CN1Cc1ccccc1,3400.0
O=C1[C@@H]2Cc3c([nH]c4ccccc34)[C@@H](c3ccccc3Br)N2C(=O)CN1Cc1ccccc1,40.0
CCOCCn1nc(C)c2nc(N3CCNCC3)nc(Nc3ccccn3)c21,0.5
CCOCCn1nc(CC)c2nc(N3CCNCC3)nc(Nc3ccccc3)c21,0.07
CCOCCn1nc(C)c2nc(N3CCNCC3)nc(Nc3cccc(C)n3)c21,0.65
CCOCCn1nc(CC)c2nc(N3CCNCC3)nc(Nc3cccc(C)n3)c21,0.66
CCOCCn1nc(CC)c2nc(N3CCNCC3)nc(Nc3ccc(C)cn3)c21,3.3
CCOCCn1nc(CC)c2nc(N3CCNCC3)nc(Nc3ncccc3C)c21,5.5
CCOCCn1nc(CC)c2nc(N3CCN[C@H](C)C3)nc(Nc3cc(C)ccn3)c21,2.5
CCOCCn1nc(CC)c2nc(N3CCN[C@@H](C)C3)nc(Nc3cc(C)ccn3)c21,1.2
CCOCCn1nc(C)c2nc(NC3CCNCC3)nc(Nc3cc(C)ccn3)c21,2.3
CCOCCn1nc(CC)c2nc(NC3CCNCC3)nc(Nc3cc(C)ccn3)c21,0.2
CCOCCn1nc(CC)c2nc(NC3CCN(C)CC3)nc(Nc3cc(C)ccn3)c21,0.72
CCOCCn1nc(CC)c2nc(N(C)C3CCN(C)CC3)nc(Nc3cc(C)ccn3)c21,0.087
CCOCCn1nc(CC)c2nc(N(C)C3CCNC3)nc(Nc3cc(C)ccn3)c21,0.42
CCOCCn1nc(C)c2nc(N3CCC(N)CC3)nc(Nc3cc(C)ccn3)c21,2.3
CCOCCn1nc(CC)c2nc(N3CCC(N)CC3)nc(Nc3cc(C)ccn3)c21,0.78
CCOCCn1nc(CC)c2nc(NCC3CCNCC3)nc(Nc3cc(C)ccn3)c21,0.011
CCOCCn1nc(C)c2nc(N3CCC(CN)CC3)nc(Nc3cc(C)ccn3)c21,0.07
CCOCCn1nc(CC)c2nc(N3CCC(CN)CC3)nc(Nc3cc(C)ccn3)c21,0.007
CCOCCn1nc(C)c2nc(NC3CCOCC3)nc(Nc3cc(C)ccn3)c21,1.2
CCOCCn1nc(CC)c2nc(N3CCC(CO)CC3)nc(Nc3cc(C)ccn3)c21,0.07
CCOCCn1nc(C)c2nc(N3CCC(C(N)=O)CC3)nc(Nc3cc(C)ccn3)c21,0.19
CCOCCn1nc(C)c2nc(N3CCC(C(=O)O)CC3)nc(Nc3cc(C)ccn3)c21,0.05
CCCOCCn1nc(CC)c2nc(N3CCNCC3)nc(Nc3ccccn3)c21,0.3
CCc1nn(CCOC(C)C)c2c(Nc3ccccn3)nc(N3CCNCC3)nc12,0.86
CCc1nn(CCOCC(F)(F)F)c2c(Nc3ccccn3)nc(N3CCNCC3)nc12,0.65
Cc1cccc(Nc2nc(N3CCNCC3)nc3c(C)nn(CCOCC(F)(F)F)c23)n1,0.78
CCc1nn(CCOCC(F)(F)F)c2c(Nc3cccc(C)n3)nc(N3CCNCC3)nc12,1.01
CCc1nn(CCOCC(F)(F)F)c2c(Nc3cc(C)ccn3)nc(N3CCNCC3)nc12,3.28
CCc1nn(CCOCC(F)(F)F)c2c(Nc3ccncn3)nc(N3CCNCC3)nc12,0.15
Cc1nn(CCOCC(F)(F)F)c2c(Nc3ccncn3)nc(N3CCCNCC3)nc12,9.79
CCc1nn(CCOCC(F)(F)F)c2c(Nc3ccncn3)nc(N3CCCNCC3)nc12,3.15
CCc1nn(CCOCC(F)(F)F)c2c(Nc3ccncn3)nc(N3CCCN(C)CC3)nc12,6.48
CCc1nn(CCOCC(F)(F)F)c2c(Nc3ccncn3)nc(N(C)C3CCN(C)CC3)nc12,0.35
Cc1nn(CCOCC(F)(F)F)c2c(Nc3ccncn3)nc(N3CCN[C@H](C)C3)nc12,0.14
Cc1nn(CCOCC(F)(F)F)c2c(Nc3ccncn3)nc(N3CCN[C@@H](C)C3)nc12,0.94
CCc1nn(CCOCC(F)(F)F)c2c(Nc3ccncn3)nc(N3CCOCC3)nc12,3.92
CCc1nn(CCOCC(F)(F)F)c2c(Nc3ccncn3)nc(N3CCNC(=O)C3)nc12,2.96
CCOCCn1nc(CC)c2nc(N3CCNCC3)nc(Nc3cccc(C)n3)c21,1.84
CC(C)(O)CCc1ccc(OCc2cc(-c3cccc(OC(F)F)c3)c3ncccc3c2)cc1,11000.0
Cc1ccc2nc(CCc3nc(-c4ccccc4)cn3C)n3nc(C)cc3c2c1,10000.0
COC(=O)[C@H]1Cc2c([nH]c3ccccc23)[C@@H](c2ccc(Cl)cc2Cl)N1,7200.0
COC(=O)[C@@H]1Cc2c([nH]c3ccccc23)[C@@H](c2ccc(Cl)cc2Cl)N1,570.0
CCN1C(=O)[C@H]2Cc3c([nH]c4ccccc34)[C@@H](c3ccc(Cl)cc3Cl)N2C1=O,10.0
CCN1C(=O)[C@@H]2Cc3c([nH]c4ccccc34)[C@@H](c3ccc(Cl)cc3Cl)N2C1=O,7.0
CCN1C(=O)[C@H]2Cc3c([nH]c4ccccc34)[C@@H](c3ccc(Cl)c(Cl)c3)N2C1=O,150.0
CCN1C(=O)[C@H]2Cc3c([nH]c4ccccc34)[C@H](c3ccc(Cl)c(Cl)c3)N2C1=O,2860.0
CCN1C(=O)[C@@H]2Cc3c([nH]c4ccccc34)[C@@H](c3ccc(Cl)c(Cl)c3)N2C1=O,300.0
CC(C)(C)N1C(=O)[C@H]2Cc3c([nH]c4ccccc34)[C@@H](c3ccc(Cl)cc3Cl)N2C1=O,590.0
CC(C)(C)N1C(=O)[C@H]2Cc3c([nH]c4ccccc34)[C@H](c3ccc(Cl)cc3Cl)N2C1=O,1480.0
CC(C)(C)N1C(=O)[C@@H]2Cc3c([nH]c4ccccc34)[C@H](c3ccc(Cl)cc3Cl)N2C1=O,4140.0
CC(C)(C)N1C(=O)[C@H]2Cc3c([nH]c4ccccc34)[C@@H](c3ccc(Cl)c(Cl)c3)N2C1=O,1870.0
CC(C)(C)N1C(=O)[C@H]2Cc3c([nH]c4ccccc34)[C@H](c3ccc(Cl)c(Cl)c3)N2C1=O,6380.0
CC(C)(C)N1C(=O)[C@@H]2Cc3c([nH]c4ccccc34)[C@H](c3ccc(Cl)c(Cl)c3)N2C1=O,2310.0
CC(C)(C)N1C(=O)[C@@H]2Cc3c([nH]c4ccccc34)[C@@H](c3ccc(Cl)c(Cl)c3)N2C1=O,12.0
COC(=O)[C@H]1Cc2c([nH]c3ccccc23)[C@@H](c2ccc(Cl)cc2Cl)N1C(=O)CCl,2300.0
COC(=O)[C@@H]1Cc2c([nH]c3ccccc23)[C@H](c2ccc(Cl)cc2Cl)N1C(=O)CCl,380.0
COC(=O)[C@@H]1Cc2c([nH]c3ccccc23)[C@H](c2c(Cl)cccc2Cl)N1C(=O)CCl,730.0
CN1CC(=O)N2[C@@H](c3ccc(Cl)cc3Cl)c3[nH]c4ccccc4c3C[C@@H]2C1=O,1200.0
CN1CC(=O)N2[C@H](c3ccc(Cl)cc3Cl)c3[nH]c4ccccc4c3C[C@H]2C1=O,50.0
CCN1CC(=O)N2[C@H](c3ccc(Cl)cc3Cl)c3[nH]c4ccccc4c3C[C@@H]2C1=O,2.0
CCN1CC(=O)N2[C@@H](c3ccc(Cl)cc3Cl)c3[nH]c4ccccc4c3C[C@@H]2C1=O,260.0
CCN1CC(=O)N2[C@@H](c3ccc(Cl)cc3Cl)c3[nH]c4ccccc4c3C[C@H]2C1=O,990.0
CCN1CC(=O)N2[C@H](c3ccc(Cl)cc3Cl)c3[nH]c4ccccc4c3C[C@H]2C1=O,10.0
CCN1CC(=O)N2[C@@H](c3ccc(Cl)c(Cl)c3)c3[nH]c4ccccc4c3C[C@H]2C1=O,3300.0
CCN1CC(=O)N2[C@H](c3ccc(Cl)c(Cl)c3)c3[nH]c4ccccc4c3C[C@H]2C1=O,2040.0
CCCCN1CC(=O)N2[C@@H](c3ccc(Cl)cc3Cl)c3[nH]c4ccccc4c3C[C@@H]2C1=O,1110.0
CCCCN1CC(=O)N2[C@@H](c3ccc(Cl)cc3Cl)c3[nH]c4ccccc4c3C[C@H]2C1=O,4460.0
CCCCN1CC(=O)N2[C@H](c3ccc(Cl)cc3Cl)c3[nH]c4ccccc4c3C[C@H]2C1=O,290.0
CC(C)(C)N1CC(=O)N2[C@H](c3ccc(Cl)cc3Cl)c3[nH]c4ccccc4c3C[C@@H]2C1=O,190.0
CC(C)(C)N1CC(=O)N2[C@@H](c3ccc(Cl)cc3Cl)c3[nH]c4ccccc4c3C[C@H]2C1=O,1350.0
CCN1C(=O)[C@H]2Cc3c([nH]c4ccccc34)[C@@H](c3ccc(Cl)cc3Cl)N2C1=O,10.0
CCN1C(=O)[C@@H]2Cc3c([nH]c4ccccc34)[C@@H](c3ccc(Cl)cc3Cl)N2C1=O,7.0
CCN1CC(=O)N2[C@H](c3ccc(Cl)cc3Cl)c3[nH]c4ccccc4c3C[C@@H]2C1=O,2.0
CCN1C(=O)c2nc(Cc3ccccc3)n(Cc3ccccc3)c2N2CC3(CCc4ccccc43)N=C12,5200.0
CC1CC(=O)NN=C1c1c(C(C)C)nn2ccccc12,44000.0
CC(C)c1nn2ccccc2c1C1=NNC(=O)C[C@H]1C,21000.0
CC(C)c1nn2ccccc2c1C1=NNC(=O)C[C@@H]1C,400000.0
CC(C)c1nn2ccccc2c1C1=NNC(=O)CC1,78000.0
Cc1cc(=O)[nH]nc1-c1c(C(C)C)nn2ccccc12,400000.0
O=C1CC2CCc3nn4ccccc4c3C2=NN1,145000.0
CC12CCc3nn4ccccc4c3C1=NNC(=O)C2,400000.0
O=c1cc2c(n[nH]1)-c1c(nn3ccccc13)CC2,156000.0
O=c1cc2c(nn1Cc1ccccc1)-c1c(nn3ccccc13)CC2,400000.0
CC(C)c1nn2cccc3c2c1C1=NNC(=O)CC1C3,350000.0
COc1cccc2c(C3=NNC(=O)CC3)c(C(C)C)nn12,225000.0
CC(C)c1nn2ccccc2c1-c1ccc(Cl)nn1,65000.0
COc1ccc(-c2ccc(=O)n(Cc3ccccc3)n2)c2cc(C(C)C)nn12,6400.0
Cc1nc2c3cc(Br)ccc3nc(SCC#N)n2n1,5700.0
CCc1c(C)nc(-c2ccc(Cl)s2)nc1Nc1ccc(CC(=O)O)cc1,2000.0
O=c1cc(N2CCOCC2)oc2c(-c3ccccc3)cccc12,9614.0
O=C(OC[C@H]1O[C@@H](OC(=O)c2cc(O)c(O)c(OC(=O)c3cc(O)c(O)c(O)c3)c2)[C@H](OC(=O)c2cc(O)c(O)c(OC(=O)c3cc(O)c(O)c(O)c3)c2)[C@@H](OC(=O)c2cc(O)c(O)c(OC(=O)c3cc(O)c(O)c(O)c3)c2)[C@@H]1OC(=O)c1cc(O)c(O)c(OC(=O)c2cc(O)c(O)c(O)c2)c1)c1cc(O)c(O)c(OC(=O)c2cc(O)c(O)c(O)c2)c1,4703.0
O=C(Nc1ccc(N2CCOCC2)cc1)c1cn(Cc2c(F)cccc2Cl)c2ccc(=O)[nH]c2c1=O,1000.0
CCN(CC)c1ccc(NC(=O)c2cn(Cc3c(F)cccc3Cl)c3ccc(=O)[nH]c3c2=O)cc1,5000.0
COc1ccc2nc(C)c3c(C)nc(-c4cc(Cl)ccc4Cl)n3c2n1,1000.0
COc1ccc2nc(C)c3c(C)nc(-c4ccc(F)cc4Cl)n3c2n1,1000.0
COc1ccc2nc(C)c3c(C)nc(-c4c(C)nn(C)c4C)n3c2n1,10000.0
COc1ccc2nc(C)c3c(C)nc(-c4sc(C)nc4C)n3c2n1,3110.0
COc1ccc2nc(C)c3c(C)nc(-c4cnccc4C)n3c2n1,1850.0
Cc1cnccc1-c1nc(C)c2c(C)nc3ccc(C(F)(F)F)cc3n12,1000.0
COc1cc(F)cc2c1nc(C)c1c(C)nc(-c3ccncc3C)n12,5000.0
COc1cc(F)cc2c1nc(C)c1c(C)nc(-c3cccnc3C)n12,5165.0
COc1cc(OC)c2nc(C)c3c(C)nc(-c4cnccc4C)n3c2c1,8780.0
COc1cc(OC)c2nc(C)c3c(C)nc(-c4ccncc4C)n3c2c1,5000.0
COc1cc(OC)c2nc(C)c3c(C)nc(-c4cccnc4C)n3c2c1,2050.0
COc1cc(Cl)c2nc(C)c3c(C)nc(-c4ccncc4C)n3c2c1,1000.0
Cc1cnccc1-c1nc(C)c2c(C)nc3c(Cl)cc(C(F)(F)F)cc3n12,1000.0
CCCOCCn1c(=O)nc(NCCOC(C)C)c2cnc(-c3ccc(OC)nc3)cc21,0.1
CCCOCCn1c(=O)nc(N2CCCC(C(=O)O)C2)c2nnc(-c3ccc(OC)nc3)cc21,0.06
CCCOCCn1c(=O)nc(N2CCC(C(=O)O)CC2)c2nnc(-c3ccc(OC)nc3)cc21,0.01
CCCOCCn1c(=O)nc(N2CCC(CC(=O)O)CC2)c2nnc(-c3ccc(OC)nc3)cc21,0.04
CCCOCCn1c(=O)nc(NC2CCC(C(=O)O)CC2)c2nnc(-c3ccc(OC)nc3)cc21,0.02
CCCOCCn1c(=O)nc(N[C@@H]2CCCC[C@@H]2C(=O)O)c2nnc(-c3ccc(OC)nc3)cc21,0.02
CCCOCCn1c(=O)nc(N[C@@H]2CCCC[C@H]2C(=O)O)c2nnc(-c3ccc(OC)nc3)cc21,0.27
CCCOCCn1c(=O)nc(NC2CCCC(C(=O)O)C2)c2nnc(-c3ccc(OC)nc3)cc21,0.01
CCCOCCn1c(=O)nc(N[C@H](C)C(=O)O)c2nnc(-c3ccc(OC)nc3)cc21,0.13
CCOCCn1c(=O)nc(NCC(=O)N(C)C)c2nnc(-c3ccc(OC)nc3)cc21,1.47
COc1ccc(-c2cc3c(nn2)c(NCC(=O)N(C)C)nc(=O)n3CCOCC(F)(F)F)cn1,0.38
CCOCCn1c(=O)nc(NC2CCC(O)CC2)c2nnc(-c3ccc(OC)nc3)cc21,0.36
CCCOCCn1c(=O)nc(NC2CCC(O)CC2)c2nnc(-c3ccc(OC)nc3)cc21,0.02
CCOCCn1c(=O)nc(N2CCN(CCO)CC2)c2nnc(-c3ccc(OC)nc3)cc21,2.43
CCCOCCn1c(=O)nc(NCCO)c2nnc(-c3ccc(OC)nc3)cc21,0.22
CCCOCCn1c(=O)nc(NCCN2CCOCC2)c2nnc(-c3ccc(OC)nc3)cc21,0.09
CCCOCCn1c(=O)nc(N2CCN(CCO)CC2)c2ncc(-c3ccc(OC)nc3)cc21,1.64
CCCOCCn1c(=O)c(N2CCN(CCO)CC2)nc2ncc(-c3ccc(OC)nc3)cc21,0.35
CCCOCCn1c(=O)c(N2CCN(CCO)CC2)nc2cnc(-c3ccc(OC)nc3)cc21,0.2
CCCOCCn1c(=O)nc(NC2CCC(O)CC2)c2ncc(-c3ccc(OC)nc3)cc21,0.1
CCCOCCn1c(=O)nc(NC2CCC(O)CC2)c2cnc(-c3ccc(OC)nc3)cc21,0.05
CCCOCCn1c(=O)c(NC2CCC(O)CC2)nc2cnc(-c3ccc(OC)nc3)cc21,0.05
CCCOCCn1c(=O)nc(NCCN2CCOCC2)c2cnc(-c3ccc(OC)nc3)cc21,0.08
CCc1c2nc(-c3cc(S(=O)(=O)N4CCN(CC)CC4)cnc3OCCOC)[nH]c(=O)c2nn1C(C)C,1.36
CCc1c2nc(-c3cc(S(=O)(=O)N4CCN(CC)CC4)cnc3OCCOC)[nH]c(=O)c2nn1CC(C)C,1.04
CCc1c2nc(-c3cc(S(=O)(=O)N4CCN(CC)CC4)cnc3OCCOC)[nH]c(=O)c2nn1CC1CC1,1.01
CCc1c2nc(-c3cc(S(=O)(=O)N4CCN(CC)CC4)cnc3OCCOC)[nH]c(=O)c2nn1C1CCOCC1,1.66
CCCn1nc2c(=O)[nH]c(-c3cc(S(=O)(=O)N4CCN(C)CC4)cnc3OCCOC)nc2c1CC,4.35
CCc1c2nc(-c3cc(S(=O)(=O)N4CCN(CC)CC4)cnc3OCc3ccccn3)[nH]c(=O)c2nn1CCOC,0.75
CCOc1ncc(S(=O)(=O)N2CCN(CC)CC2)cc1-c1nc2c(CC)n(CCOC)nc2c(=O)[nH]1,1.23
CCCCOc1ncc(S(=O)(=O)N2CCN(CC)CC2)cc1-c1nc2c(CC)n(CCN(C)C)nc2c(=O)[nH]1,1.0
CCc1c2nc(-c3cc(S(=O)(=O)N4CCN(CC)CC4)cnc3OCC(C)C)[nH]c(=O)c2nn1CCCN(C)C,2.44
CCCCOc1ncc(S(=O)(=O)N2CCN(CC)CC2)cc1-c1nc2c(CC)n(C3CCN(S(C)(=O)=O)CC3)nc2c(=O)[nH]1,0.31
CCCCOc1ncc(S(=O)(=O)N2CCN(CC)CC2)cc1-c1nc2c(CC)n(C3CCN(C)CC3)nc2c(=O)[nH]1,0.74
CCOc1ncc(S(=O)(=O)N2CCN(CC)CC2)cc1C(=O)Nc1c(C(N)=O)nn(C2CNC2)c1CC,15.8
CCOc1ncc(S(=O)(=O)N2CCN(CC)CC2)cc1C(=O)Nc1c(C(N)=O)nn(C2CN(C)C2)c1CC,8.2
CCCCOc1ncc(S(=O)(=O)N2CCN(CC)CC2)cc1-c1nc2c(CC)n(C3CN(C)C3)nc2c(=O)[nH]1,0.78
CCOc1ncc(S(=O)(=O)N2CCN(CC)CC2)cc1-c1nc2c(CC)n(CCN3CCOCC3)nc2c(=O)[nH]1,0.86
CCc1c2nc(-c3cc(S(=O)(=O)N4CCN(CC)CC4)cnc3OCC3CC3)[nH]c(=O)c2nn1CCN1CCOCC1,0.26
CCOc1ncc(S(=O)(=O)N2CCN(CC)CC2)cc1-c1nc2c3n(nc2c(=O)[nH]1)CCCC3,10.8
CCCOc1ncc(S(=O)(=O)N2CCN(CC)CC2)cc1-c1nc2c3n(nc2c(=O)[nH]1)CCCC3,2.47
CCN1CCN(S(=O)(=O)c2cnc(OCCOC)c(-c3nc4c5n(nc4c(=O)[nH]3)CCCC5)c2)CC1,8.5
CCOc1ncc(S(=O)(=O)N2CCN(CC)CC2)cc1-c1nc2c3n(nc2c(=O)[nH]1)CCCC3C,3.35
CCOc1ncc(S(=O)(=O)N2CCN(CC)CC2)cc1-c1nc2c3n(nc2c(=O)[nH]1)CCCC3C,3.7
Oc1cc(O)cc(-c2cc3ccc(O)cc3o2)c1,40000.0
CCOc1ccc(S(=O)(=O)N2CCN(C)CC2)cc1-c1nc(C(C)C)c(Cl)c(=O)[nH]1,12.6
CCCCCCOc1ccc(S(=O)(=O)N2CCN(C)CC2)cc1-c1nc(C(C)C)c(Br)c(=O)[nH]1,58.0
CCCCOc1ccc(S(=O)(=O)N2CCN(C)CC2)cc1-c1nc(C(C)C)c(Br)c(=O)[nH]1,41.0
CCCOc1ccc(S(=O)(=O)N2CCN(C)CC2)cc1-c1nc(C(C)C)c(CC)c(=O)[nH]1,3.0
CCCOc1ccc(S(=O)(=O)N2CCN(C)CC2)cc1-c1nc(C(C)C)c(C)c(=O)[nH]1,4.8
CCCOc1ccc(S(=O)(=O)N2CCN(C)CC2)cc1-c1nc(CC)c(CCC)c(=O)[nH]1,34.3
CCCOc1ccc(S(=O)(=O)N2CCN(C)CC2)cc1-c1nc(C(C)C)c(Br)c(=O)[nH]1,7.2
CCCOc1ccc(S(=O)(=O)N2CCN(C)CC2)cc1-c1nc(C(C)C)c(Cl)c(=O)[nH]1,6.6
CCCOc1ccc(S(=O)(=O)N2CCN(C)CC2)cc1-c1nc(CC)c(NC(C)=O)c(=O)[nH]1,2000.0
CCCOc1ccc(S(=O)(=O)N2CCN(C)CC2)cc1-c1nc(-c2ccccc2)cc(=O)[nH]1,104.0
CCCOc1ccc(S(=O)(=O)N2CCN(C)CC2)cc1-c1nc(CC(C)C)cc(=O)[nH]1,88.0
CCCOc1ccc(S(=O)(=O)N2CCN(C)CC2)cc1-c1nc(C(C)C)cc(=O)[nH]1,31.5
CCCOc1ccc(S(=O)(=O)N2CCN(C)CC2)cc1-c1nc(CCC)cc(=O)[nH]1,65.0
CCCOc1ccc(S(=O)(=O)N2CCN(C)CC2)cc1-c1nc(NC(C)=O)cc(=O)[nH]1,450.0
CCCOc1ccc(S(=O)(=O)N2CCN(C)CC2)cc1-c1nc(O)cc(=O)[nH]1,2000.0
CCCOc1ccc(S(=O)(=O)N2CCN(C)CC2)cc1-c1nc(N)cc(=O)[nH]1,2000.0
O=c1c(NCCN2CCOCC2)nc2ccc(-c3ccc(O)nc3)nc2n1CC1CCCCC1,537.03
O=c1c(NCC2CCOCC2)nc2ccc(-c3cnc(O)nc3)nc2n1CC1CCCCC1,2.884
COc1ncc(-c2ccc3nc(NCC4CCOCC4)c(=O)n(CC4CCCCC4)c3n2)cn1,0.302
COc1ccc(-c2ccc3nc(NCC4CCOCC4)c(=O)n(CC4CCCCC4)c3n2)cn1,2.291
Cc1noc(C)c1-c1ccc2nc(NCCN3CCOCC3)c(=O)n(CC3CCCCC3)c2n1,36.31
CCCOCCn1c(=O)c(NCC2CCOCC2)nc2ccc(-c3ccc(F)cc3)nc21,22.39
CCOCCn1c(=O)c(NCC2CCOCC2)nc2ccc(-c3ccc(F)cc3)nc21,147.91
CC(C)OCCn1c(=O)c(NCCN2CCOCC2)nc2ccc(-c3ccc(F)c(F)c3)nc21,52.48
O=c1c(NCC2CCOCC2)nc2ccc(-c3ccc(F)cc3)nc2n1Cc1ccccn1,20.42
COc1ccc(CNc2c(CO)cnc3c(NC4CC4)cc(C#N)cc23)cc1Cl,4.1
CCNc1cc(C#N)cc2c(NCc3ccc(OC)c(Cl)c3)c(CO)cnc12,15.0
COc1ccc(CNc2c(CO)cnc3c(N(C)C)cc(C#N)cc23)cc1Cl,0.4
Cc1nc(-c2cnn(C)c2-c2ccc(C(F)(F)F)cc2)c2c(N3CC(F)C3)ncnn12,26000.0
CCCOc1ccc(NC2O[C@H](CO)[C@@H](O)[C@H](O)[C@H]2O)cc1-c1nc(C(C)C)c(Br)c(=O)[nH]1,21.3
CCCOc1ccc(C(=O)CN2CCOCC2)cc1-c1nc(C(C)C)c(Br)c(=O)[nH]1,8.8
CCCOc1ccc(C(=O)CN2CCN(C)CC2)cc1-c1nc(C(C)C)c(Br)c(=O)[nH]1,18.2
CCCOc1ccc(S(=O)(=O)NCCN(CC)CC)cc1-c1nc(C(C)C)c(Br)c(=O)[nH]1,9.6
CCCOc1ccc(S(=O)(=O)N2CCC[C@H]2C(=O)O)cc1-c1nc(C(C)C)c(Br)c(=O)[nH]1,2.8
CCCOc1ccc(S(=O)(=O)N(CC)CC)cc1-c1nc(C(C)C)c(Br)c(=O)[nH]1,11.1
CCCOc1ccc(S(=O)(=O)N2CCN(c3ccccc3)CC2)cc1-c1nc(C(C)C)c(Br)c(=O)[nH]1,29.3
CCCOc1ccc(S(=O)(=O)N2CCOCC2)cc1-c1nc(C(C)C)c(Br)c(=O)[nH]1,6.2
CCCOc1ccc(S(=O)(=O)N2CCC(C)CC2)cc1-c1nc(C(C)C)c(Br)c(=O)[nH]1,25.5
CCCOc1ccc(S(=O)(=O)N2CCN(C)CC2)cc1-c1nc(C(F)(F)F)c(Br)c(=O)[nH]1,272.0
CCOc1ccc(S(=O)(=O)N2CCN(C)CC2)cc1-c1nc(-c2ccccc2)c(Br)c(=O)[nH]1,74.0
CCCCCCCCc1nc(-c2cc(S(=O)(=O)N3CCN(C)CC3)ccc2OCC)[nH]c(=O)c1Br,77.0
CCCOc1ccc(S(=O)(=O)N2CCN(C)CC2)cc1-c1nc(CCC)c(Br)c(=O)[nH]1,10.2
CCCOc1ccc(S(=O)(=O)N2CCN(C)CC2)cc1-c1nc(C)c(Br)c(=O)[nH]1,48.0
COc1cc(-c2cnc3c(N4CCOCC4)nccn23)cc(OC)c1OC,1000.0
COCCn1cc(-c2cnc3c(N4CCOCC4)nccn23)cn1,10000.0
Cc1nc2c(n1Cc1ccccc1)C(=O)N(C)C1=N[C@@H]3CCC[C@@H]3N12,225.0
Cc1nc2c([nH]1)C(=O)N(C)C1=N[C@@H]3CCC[C@@H]3N12,2400.0
CCCc1nc2c(n1Cc1ccccc1)C(=O)N(C)C1=N[C@@H]3CCC[C@@H]3N12,510.0
CCCCCCc1nc2c(n1Cc1ccccc1)C(=O)N(C)C1=N[C@@H]3CCC[C@@H]3N12,800.0
CCCCCCc1nc2c([nH]1)N1C(=N[C@@H]3CCC[C@@H]31)N(C)C2=O,10.0
CC(C)CCc1nc2c(n1Cc1ccccc1)C(=O)N(C)C1=N[C@@H]3CCC[C@@H]3N12,560.0
CC(C)CCc1nc2c([nH]1)N1C(=N[C@@H]3CCC[C@@H]31)N(C)C2=O,50.0
CN1C(=O)c2c(nc(CC3CC3)n2Cc2ccccc2)N2C1=N[C@@H]1CCC[C@@H]12,420.0
CN1C(=O)c2c(nc(CC3CCCC3)n2Cc2ccccc2)N2CC3(CCCC3)N=C12,120.0
CN1C(=O)c2[nH]c(CC3CCCC3)nc2N2CC3(CCCC3)N=C12,26.0
CN1C(=O)c2[nH]c(CC3CCCCC3)nc2N2C1=N[C@@H]1CCC[C@@H]12,19.0
CN1C(=O)c2c(nc(C(F)(F)F)n2Cc2ccccc2)N2C1=N[C@@H]1CCC[C@@H]12,400.0
CN1C(=O)c2[nH]c(C(F)(F)F)nc2N2C1=N[C@@H]1CCC[C@@H]12,6200.0
CN1C(=O)c2c(nc(-c3ccccc3)n2Cc2ccccc2)N2CC3(CCCC3)N=C12,11.0
CN1C(=O)c2[nH]c(-c3ccccc3)nc2N2CC3(CCCC3)N=C12,3300.0
CN1C(=O)c2[nH]c(Cc3ccccc3)nc2N2C1=N[C@@H]1CCC[C@@H]12,80.0
CN1C(=O)c2c(nc(Cc3ccccc3)n2Cc2ccccc2)N2CC3(CCCC3)N=C12,120.0
CN1C(=O)c2[nH]c(Cc3ccccc3)nc2N2CC3(CCCC3)N=C12,19.0
CN1C(=O)c2[nH]c(Cc3ccc(-c4ccccc4)cc3)nc2N2C1=N[C@@H]1CCC[C@@H]12,66.0
CN1C(=O)c2c(nc(Cc3ccc(-c4ccccc4)cc3)n2Cc2ccccc2)N2CC3(CCCC3)N=C12,200.0
CN1C(=O)c2[nH]c(Cc3ccc(-c4ccccc4)cc3)nc2N2CC3(CCCC3)N=C12,43.0
COCc1nc2c([nH]1)N1C(=N[C@@H]3CCC[C@@H]31)N(C)C2=O,13000.0
CN(C)Cc1nc2c([nH]1)N1C(=N[C@@H]3CCC[C@@H]31)N(C)C2=O,7500.0
CN1C(=O)c2c(nc(CN3CCCC3)n2Cc2ccccc2)N2C1=N[C@@H]1CCC[C@@H]12,1200.0
CN1C(=O)c2c(nc(Cc3ncc[nH]3)n2Cc2ccccc2)N2C1=N[C@@H]1CCC[C@@H]12,1500.0
CN1C(=O)c2c(nc(C#Cc3ccccc3)n2Cc2ccccc2)N2C1=N[C@@H]1CCC[C@@H]12,4.0
CN1C(=O)c2[nH]c(C#Cc3ccccc3)nc2N2C1=N[C@@H]1CCC[C@@H]12,6000.0
CN1C(=O)c2c(nc(Cc3ccccc3)n2C)N2CC3(CCCC3)N=C12,4500.0
CN1C(=O)c2c(nc(Cc3ccccc3)n2CC2CCCCC2)N2C1=N[C@@H]1CCC[C@@H]12,110.0
CN1C(=O)c2c(nc(Cc3ccccc3)n2CCO)N2C1=N[C@@H]1CCC[C@@H]12,10000.0
CN1C(=O)c2c(nc(Cc3ccccc3)n2Cc2cccc(O)c2O)N2C1=N[C@@H]1CCC[C@@H]12,200.0
CN1C(=O)c2c(nc(Cc3ccccc3)n2Cc2ncc[nH]2)N2C1=N[C@@H]1CCC[C@@H]12,4000.0
Cc1nc2c(n1Cc1ccccc1)N1CC3(CCCC3)N=C1N(C)C2=O,2900.0
CCN1C(=O)c2[nH]c(C)nc2N2C1=N[C@@H]1CCC[C@@H]12,100.0
Cc1nc2c([nH]1)C(=O)N(C(C)C)C1=N[C@@H]3CCC[C@@H]3N12,240.0
OCC1CCN(c2nccnc2OC2CN(c3ccc4ccccc4n3)C2)CC1,30000.0
OCC1CCN(c2nccnc2OC2CCN(c3ccc4ccccc4n3)CC2)CC1,30000.0
OCC1CCN(c2nc3ccccc3nc2OC2CN(c3ccc4ccccc4n3)C2)CC1,30000.0
Nc1ncc2cc(-c3nccnc3OC3CN(c4ccc5ccccc5n4)C3)ccc2n1,30000.0
CC(=O)N1CCC(c2nccnc2OC2CN(c3ccc4ccccc4n3)C2)CC1,30000.0
CC(=O)N1CCC(c2nc3ccccc3nc2OC2CN(c3ccc4ccccc4n3)C2)CC1,30000.0
CCn1c(Nc2ccncc2F)nc2c(C3CCCN(C(=O)C(C)(C)CO)C3)csc2c1=O,10000.0
CCn1c(Nc2ccncc2F)nc2c(C3CCCN(C(=O)C4(C#N)CC4)C3)csc2c1=O,2900.0
COC(=O)c1c(-c2cc(OC)c(OC)c(OC)c2)c2ccc(OCc3ccccn3)cc2c(=O)n1-c1ccc(N)cc1,1.0
COc1ccc(NC(=O)[C@@H](C)Nc2nc3c(cnn3-c3ccccc3Cl)c(=O)[nH]2)cc1,141.0
COc1ccc(NC(=O)[C@H](C)Nc2nc3c(cnn3-c3ccccc3Cl)c(=O)[nH]2)cc1,3300.0
COc1ccc(NC(=O)[C@@H](C)Nc2nc3c(cnn3C3CCCC3)c(=O)[nH]2)cc1,90.6
COc1ccc(NC(=O)[C@H](C)Nc2nc3c(cnn3C3CCCC3)c(=O)[nH]2)cc1,417.0
CCCCOc1cncc(-c2nnc3c(C)nc4ccc(CN5CCOCC5)cc4n23)c1,10000.0
CCCc1nn(C)c2c(=O)[nH]c(-c3cc(S(=O)(=O)NCCCCCO)ccc3OCC)nc12,1.7
CCCc1nn(C)c2c(=O)[nH]c(-c3cc(S(=O)(=O)NCCCCO)ccc3OCC)nc12,1.9
CCCCCCNS(=O)(=O)c1ccc(OCC)c(-c2nc3c(CCC)nn(C)c3c(=O)[nH]2)c1,12.0
CCCc1nn(C)c2c(=O)[nH]c(-c3cc(S(=O)(=O)NCCN(CC)CC)ccc3OCC)nc12,32.0
CCCc1nn(C)c2c(=O)[nH]c(-c3cc(S(=O)(=O)NCCCN4CCOCC4)ccc3OCC)nc12,2.6
CCCc1nn(C)c2c(=O)[nH]c(-c3cc(S(=O)(=O)NCCN4CCOCC4)ccc3OCC)nc12,1.6
CCCc1nn(C)c2c(=O)[nH]c(-c3cc(S(=O)(=O)NCCN4CCCCC4)ccc3OCC)nc12,16.0
CCCc1nn(C)c2c(=O)[nH]c(-c3cc(S(=O)(=O)NCCc4c[nH]c5ccccc45)ccc3OCC)nc12,13.0
CCn1c(NC(C)C)nc2c(C3CCN(C(=O)c4cccc(C)n4)C3)csc2c1=O,2300.0
Cc1nc2ccncc2n2c(-c3ccccc3Cl)nnc12,10000.0
COc1ccc2c([C@H]3CCc4ccc(Cl)cc43)nccc2c1OC,30000.0
COc1ccc(CNC(=O)c2ccc(OC(F)F)c(OC3CCCC3)c2)cc1,100000.0
CCC(CC)n1ncc2c(=O)[nH]c(CC3CCCCC3)nc21,4000.0
CCC(CC)n1ncc2c(=O)[nH]c(CC3CCCCC3)nc21,4000.0
COc1cc(Br)cc2c1nc(C)c1c(C)nc(-c3cccnc3F)n12,606.0
COc1cc(-c2cccnc2)cc2c1nc(C)c1c(C)nc(-c3cccnc3)n12,232.0
COc1cc(-c2ccc(F)nc2)cc2c1nc(C)c1c(C)nc(-c3ccncc3)n12,201.0
COc1cc(-c2ccc(F)nc2)cc2c1nc(C)c1c(C)nc(-c3cccnc3)n12,279.0
COc1cc(-c2ccncc2)cc2c1nc(C)c1c(C)nc(-c3ccc(F)nc3)n12,195.0
COc1cc(-c2cccnc2)cc2c1nc(C)c1c(C)nc(-c3ccc(F)nc3)n12,228.0
COc1cc(-c2cccnc2)cc2c1nc(C)c1c(C)nc(-c3cccnc3F)n12,91.6
COc1ccc(C2=NN(C3CCCCCC3)C(=O)[C@@H]3CC=CC[C@H]23)cc1OCCCCOc1ccc(-c2nnn[nH]2)cc1,1995.26
COc1ccc(CNc2c(CO)cnc3c(N(C)C)cc(C#N)cc23)cc1Cl,0.27
COc1ccc(CNc2c(CO)cnc3c(NC4CC4)cc(C#N)cc23)cc1Cl,0.27
CCNc1cc(C#N)cc2c(NCc3ccc(OC)c(Cl)c3)c(CO)cnc12,0.27
C=C1CC[C@]2(C(=O)O)CC[C@]3(C)C(=CC[C@@H]4[C@@]5(C)C[C@@H](O)[C@@H](OC(=O)/C=C/c6ccc(O)cc6)C(C)(C)[C@@H]5CC[C@]43C)[C@@H]2[C@H]1C,3810.0
CCCc1nn(C)c2c(=O)[nH]c(-c3cc(S(=O)(=O)N4CCN(CCCC(=O)NO)CC4)ccc3OCC)nc12,2.0
CCCc1nn(C)c2c(=O)[nH]c(-c3cc(S(=O)(=O)N4CCN(c5ncc(C(=O)NO)cn5)CC4)ccc3OCC)nc12,3.0
CCCc1nn(C)c2c(=O)[nH]c(-c3cc(S(=O)(=O)N4CCN(Cc5ccc(/C=C/C(=O)NO)cc5)CC4)ccc3OCC)nc12,2.0
CCCc1nn(C)c2c(=O)[nH]c(-c3cc(S(=O)(=O)N4CCC(CCC(=O)NO)CC4)ccc3OCC)nc12,0.5
CCCc1nn(C)c2c(=O)[nH]c(-c3cc(S(=O)(=O)NC4CCN(c5ncc(C(=O)NO)cn5)CC4)ccc3OCC)nc12,0.6
CCCc1nn(C)c2c(=O)[nH]c(-c3cc(S(=O)(=O)Nc4ccc(/C=C/C(=O)NO)cc4)ccc3OCC)nc12,1.0
CCCc1nn(C)c2c(=O)[nH]c(-c3cc(NC4CCC(C(=O)NO)CC4)ccc3OCC)nc12,22.0
CCCc1nn(C)c2c(=O)[nH]c(-c3cc(NC4CCN(c5ccc(C(=O)NO)cc5)CC4)ccc3OCC)nc12,20.0
CCCc1nn(C)c2c(=O)[nH]c(-c3cc(NC4CCN(c5ncc(C(=O)NO)cn5)CC4)ccc3OCC)nc12,5.0
CCCc1nn(C)c2c(=O)[nH]c(-c3cc(NCC4CCN(c5ncc(C(=O)NO)cn5)CC4)ccc3OCC)nc12,17.0
CCCc1nn(C)c2c(=O)[nH]c(-c3cc(N4CCC(CC(=O)NO)CC4)ccc3OCC)nc12,65.0
CCCc1nn(C)c2c(=O)[nH]c(-c3cc(N4CCC(CCC(=O)NO)CC4)ccc3OCC)nc12,24.0
CCCc1nn(C)c2c(=O)[nH]c(-c3cc(N4CCC5(CCC(C(=O)NO)C5)CC4)ccc3OCC)nc12,12.0
CCCc1nn(C)c2c(=O)[nH]c(-c3cc(N4CCC5(CCN(c6ncc(C(=O)NO)cn6)CC5)C4)ccc3OCC)nc12,74.0
CCOc1ccc(OC2CCC(C(=O)NO)CC2)cc1-c1nc2c(CC)nn(C)c2c(=O)[nH]1,11.0
CCOc1ccc(OC2CCN(c3ncc(C(=O)NO)cn3)CC2)cc1-c1nc2c(CC)nn(C)c2c(=O)[nH]1,10.0
CCOc1ccc(CC(=O)NO)cc1-c1nc2c(CC)nn(C)c2c(=O)[nH]1,19.0
CCOc1ccc(Cc2ccc(CCC(=O)NO)cc2)cc1-c1nc2c(CC)nn(C)c2c(=O)[nH]1,13.0
CCOc1ccc(Cc2ccc(/C=C/C(=O)NO)cc2)cc1-c1nc2c(CC)nn(C)c2c(=O)[nH]1,122.0
CCOc1ccc(CC2CCN(c3ncc(C(=O)NO)cn3)CC2)cc1-c1nc2c(CC)nn(C)c2c(=O)[nH]1,7.0
CCOc1ccc(CC2CCN(c3ccc(C(=O)NO)cn3)CC2)cc1-c1nc2c(CC)nn(C)c2c(=O)[nH]1,57.0
CCOc1ccc(CC2CCN(c3ccc(C(=O)NO)cc3)CC2)cc1-c1nc2c(CC)nn(C)c2c(=O)[nH]1,121.0
CCOc1ccc(CC2CCN(CCC(=O)NO)CC2)cc1-c1nc2c(CC)nn(C)c2c(=O)[nH]1,57.0
CCOc1ccc(CC2CCC(CC(=O)NO)CC2)cc1-c1nc2c(CC)nn(C)c2c(=O)[nH]1,38.0
CCOc1ccc(C[C@H]2CC[C@H](C(=O)NO)CC2)cc1-c1nc2c(CC)nn(C)c2c(=O)[nH]1,13.0
CCOc1ccc(CC2CCC(C(=O)NO)C2)cc1-c1nc2c(CC)nn(C)c2c(=O)[nH]1,165.0
CCOc1ccc(C[C@H]2C[C@H](C(=O)NO)C2)cc1-c1nc2c(CC)nn(C)c2c(=O)[nH]1,45.0
CCOc1ccc(CC2CC2C(=O)NO)cc1-c1nc2c(CC)nn(C)c2c(=O)[nH]1,39.0
CCOc1ccc(CN2CC(C(=O)NO)C2)cc1-c1nc2c(CC)nn(C)c2c(=O)[nH]1,303.0
CCOc1ccc(C2CC(C(=O)NO)C2)cc1-c1nc2c(CC)nn(C)c2c(=O)[nH]1,17.0
CCOc1ccc(C2CCC(CC(=O)NO)CC2)cc1-c1nc2c(CC)nn(C)c2c(=O)[nH]1,70.0
CCOc1ccc(-c2ccc(C(=O)NO)cn2)cc1-c1nc2c(CC)nn(C)c2c(=O)[nH]1,4.0
CCOc1ccc(-c2ccc(C(=O)NO)nc2)cc1-c1nc2c(CC)nn(C)c2c(=O)[nH]1,4.0
CCOc1ccc(-c2ccc(C(=O)NO)o2)cc1-c1nc2c(CC)nn(C)c2c(=O)[nH]1,5.0
O=C(Nc1cccnc1)c1ccc(OC(F)F)c(OC2CCCC2)c1,100000.0
O=C(Nc1cccnc1)c1ccc(OC(F)F)c(OCC2CC2)c1,100000.0
O=C(Nc1ccccc1Cl)c1ccc(OC(F)F)c(OC2CCCC2)c1,100000.0
O=C(Nc1ccccc1Cl)c1ccc(OC(F)F)c(OCC2CC2)c1,100000.0
CC(C)c1ncc2c(=O)[nH]c3cc(Cl)ccc3n12,1259.0
CC(C)c1ncc2c(=O)[nH]c3cc(C(=O)N(C)C)ccc3n12,10000.0
CCOc1cc2c(cc1C(=O)N(C)C)[nH]c(=O)c1cnc(C3CCCCC3)n12,10000.0
O=C(c1cc2[nH]c(=O)c3cnc(C4CCCCC4)n3c2cc1Cl)N1CCN(CCO)CC1,7544.0
CCc1ccc2c(c1)[nH]c(=O)c1cnc(CCC(=O)O)n12,10000.0
CC(C)c1n[nH]c2c(=O)[nH]c(Cc3cccc(Cl)c3)nc12,1337.0
COc1ccc(COc2nc(N3CC4CC4C3)ncc2C(=O)NCc2ccccc2)cc1Cl,0.1721
COc1ccc(COc2nc(N3CC4CC4C3)ncc2C(=O)NCc2ccc(F)cc2)cc1Cl,0.075
COc1ccc(COc2nc(N3CC4CC4C3)ncc2C(=O)NCc2ccccn2)cc1Cl,0.028
COc1ccc(COc2nc(N3C4CCC3COC4)ncc2C(=O)NCc2ccccc2)cc1Cl,4.013
COc1ccc(COc2nc(N3CC4CC4C3)ncc2C(=O)N[C@H]2CC[C@H](O)CC2)cc1Cl,0.7389
COc1ccc(COc2nc(N3CC4CC4C3)ncc2C(=O)NCc2cnc(C)cn2)cc1Cl,0.5287
COc1ccc(COc2nc(N3CCC4(CC3)CC4)ncc2C(=O)NCc2ccccn2)cc1Cl,0.1858
COc1ccc(COc2nc(N3CCC4(CC3)CC4)ncc2C(=O)NCc2ccccc2)cc1Cl,1.14
COc1ccc(COc2nc(N3CC4CC4C3)ncc2C(=O)NCCN2CCOCC2)cc1Cl,0.2127
COc1ccc(COc2nc(N3CCC4(CC4)C3)ncc2C(=O)NCc2ccc(F)cc2)cc1Cl,2.077
COc1ccc(COc2nc(N3CCC4(CC4)C3)ncc2C(=O)NCc2ncccn2)cc1Cl,1.44
COc1ccc(COc2nc(N3CCC4(CC4)C3)ncc2C(=O)N[C@H]2CC[C@H](O)CC2)cc1Cl,4.079
CC1(C)C(=O)Nc2nc(-n3nc(Cc4ccccc4F)c4ccccc43)nc(I)c21,690.0
CC1(C)C(=O)Nc2nc(-n3nc(Cc4ccccc4F)c4ccccc43)ncc21,440.0
CC1(C)C(=O)Nc2nc(-n3nc(Cc4ccccc4F)c4cc(F)ccc43)nc(I)c21,690.0
CC1(C)C(=O)Nc2nc(-n3nc(Cc4ccccc4F)c4cc(F)ccc43)ncc21,400.0
CC1(C)C(=O)Nc2nc(-n3nc(Cc4ccccc4F)c4ncc(F)cc43)nnc21,85.0
CC1(C)C(=O)Nc2nc(-c3nn(Cc4ccccc4F)c4c3CCC4)ncc21,4000.0
Cc1ncc2c(-c3ncc4c(n3)NC(=O)C4(C)C)nn(Cc3ccccc3F)c2n1,310.0
Cc1ncc2c(-c3ncc4c(n3)NC(=O)C4(C)C)nn(Cc3cccc(F)c3F)c2n1,230.0
Cc1ncc2c(-c3nnc4c(n3)NC(=O)C4(C)C)nn(Cc3cccc(F)c3F)c2n1,16.0
CC1(C)C(=O)Nc2nc(-c3nn(Cc4ccccc4F)c4ncncc34)nnc21,370.0
CC1(C)C(=O)Nc2nc(-n3nc(Cc4ccccc4F)c4cc(F)ccc43)nnc21,75.0
CC1(C)C(=O)Nc2nc(-c3nn(Cc4ncccc4F)c4cc(Cl)ccc34)nnc21,160.0
CC1(C)C(=O)Nc2nc(-c3nn(CCC(F)(F)C(F)(F)F)c4cc(Cl)ccc34)nnc21,95.0
Cc1nc(-n2nc(Cc3ccccc3F)c3cc(F)ccc32)nc2c1C(C)(C)C(=O)N2,340.0
CCCc1nc(-n2nc(Cc3ccccc3F)c3ccccc32)nc2c1C(C)(C)C(=O)N2,450.0
CCCSc1nc2c(c(=O)n1-c1ccccc1)SCC2,100000.0
Cc1ccccc1Nc1ncnc2c1c(-c1ccccc1)cn2-c1ccc(F)cc1,100000.0
O=c1nc2sc3ccccc3n2c(=O)n1-c1ccccc1,100000.0
CCN(CC)C(=O)c1cc(-c2cccs2)nc2c1c(C)nn2-c1ccccc1C,43000.0
CCCSc1nc2c(c(=O)n1-c1ccccc1OC)SCC2,100000.0
COc1ccc(CNc2nc(N3CC4CC4C3)ncc2C(=O)NCc2ncccn2)cc1Cl,6.04
COc1ccc(CNc2nc(N3CC4CC4C3)ncc2C(=O)NCCN2CCOCC2)cc1Cl,4.25
COc1ccc(CNc2nc(N3CC4CC4C3)ncc2C(=O)N[C@H]2CCCCNC2=O)cc1Cl,13.2
COc1ccc(CNc2nc(N3CCC4(CC3)CC4)ncc2C(=O)NCc2ncccn2)cc1Cl,26.76
COc1ccc(CNc2nc(N3CC4CC4C3CO)ncc2C(=O)NCc2ncccn2)cc1Cl,10.39
COc1ccc(CNc2nc(N3CC4CC4C3CO)ncc2C(=O)NCc2ccccc2)cc1Cl,4.63
COc1ccc(CNc2nc(N3CC4CC4C3CO)ncc2C(=O)NCCN2CCOCC2)cc1Cl,34.88
COc1ccc(CNc2nc(N3CC4CC4C3CO)ncc2C(=O)N[C@H]2CC[C@H](O)CC2)cc1Cl,47.22
COc1ccc(CNc2nc(N3CCC4(CC3)CC4)ncc2C(=O)N[C@H]2CC[C@H](O)CC2)cc1Cl,52.42
COc1ccc(CNc2nc(N3CC4CC4C3CO)ncc2C(=O)NCc2ccccn2)cc1Cl,33.33
COc1ccc(CNc2nc(N3CCC4(CC4)C3)ncc2C(=O)NCc2ccccn2)cc1Cl,11.88
COc1ccc(CNc2nc(N3CCC4(CC4)C3)ncc2C(=O)NCc2ncccn2)cc1Cl,22.91
COc1ccc(CNc2nc(N3CCC4(CC4)C3)ncc2C(=O)N[C@H]2CC[C@@H](O)CC2)cc1Cl,15.4
COc1ccc(CNc2nc(N3CC4CC4C3)ncc2C(=O)NCc2ncccn2)cc1Cl,6.04
COc1ccc(CNc2nc(N3CCC4(CC4)C3)ncc2C(=O)N[C@H]2CC[C@H](O)CC2)cc1Cl,0.8
COc1ccc(CNc2nc(N3CC4CC4C3)ncc2C(=O)N[C@H]2CC[C@H](O)CC2)cc1F,7.99
CC(C)(C)C1=NN(c2ccc(C(=O)O)cc2)C(c2ccc([N+](=O)[O-])cc2)C1,5700.0
CC(C)C1=NN(c2ccc(C(=O)O)cc2)C(c2cccc([N+](=O)[O-])c2)C1,3200.0
COc1cc(C(=O)O)ccc1C1CC(C(C)(C)C)=NN1c1ccc(C(=O)O)cc1,23500.0
COc1ccc(C2CC(c3ccccc3OC)=NN2c2ccc(C(=O)O)cc2)cc1,3200.0
COc1ccc(C2CC(c3ccccc3)=NN2c2ccc(S(N)(=O)=O)cc2)cc1,3800.0
CC(C)(C)C1=NN(c2ccc(C(=O)O)cc2)C(c2ccc(Cl)cc2Cl)C1,3700.0
CC(C)(C)C1=NN(c2ccc(C(=O)O)cc2)C(c2cccc(Br)c2)C1,3100.0
CC(C)(C)C1=NN(c2ccc(C(=O)O)cc2)C(c2ccccc2Cl)C1,1900.0
CC(C)(C)C1=NN(c2ccc(C(=O)O)cc2)C(c2ccccc2F)C1,3300.0
CC(C)(C)C1=NN(c2ccc(C(=O)O)cc2)C(c2cccc(F)c2)C1,2700.0
CC(C)(C)C1=NN(c2ccc(C(=O)O)cc2)C(c2cccc(Cl)c2)C1,2000.0
CC(C)(C)C1=NN(c2ccc(C(=O)O)cc2)C(c2ccccc2)C1,6220.0
Cc1ccc(C2CC(C(C)(C)C)=NN2c2ccc(C(=O)O)cc2)cc1,8400.0
CC(C)(C)C1=NN(c2ccc(C(=O)O)cc2)C(c2ccc(Br)cc2)C1,7700.0
CC(C)(C)C1=NN(c2ccc(S(=O)(=O)O)cc2)C(c2ccc(F)cc2)C1,3300.0
CC(C)(C)C1=NN(c2ccc(S(=O)(=O)O)cc2)C(c2ccc(Cl)cc2)C1,7200.0
COc1ccc(C2CC(c3ccc(F)cc3)=NN2c2ccc(C(=O)O)cc2)cc1,3100.0
CCOC(C(=O)c1ccc(-c2cc(OC)c(Cl)c(OC)c2)o1)c1ccc(-c2nnc(C)s2)cc1,5740.0
O=c1n(Cc2ccc(Cl)cc2)c2sc3c(c2c2ncnn12)CCCC3,370.0
COc1ccc(Cn2c(=O)n3ncnc3c3c4c(sc32)CN(CC2CCOCC2)CC4)c(F)c1,260.0
O=c1c2ccccc2oc2c(Cc3ccc(C(F)(F)F)cc3)[nH]c(-c3nccs3)c12,30.0
O=c1c2ccccc2oc2c(Cc3ccc4c(c3)OCO4)[nH]c(-c3nccs3)c12,5.6
CC(C)(C)Oc1ccc(Cc2[nH]c(-c3nccs3)c3c(=O)c4ccccc4oc23)cc1,100.0
Cc1nnc(-c2[nH]c(Cc3ccc(O)cc3)c3oc4ccccc4c(=O)c23)o1,100.0
COc1ncccc1-c1[nH]c(Cc2ccc(O)cc2)c2oc3ccccc3c(=O)c12,100.0
Cc1ccc(-c2[nH]c(Cc3ccc(O)cc3)c3oc4ccccc4c(=O)c23)cc1,100.0
O=c1c2ccccc2oc2c(Cc3ccc(O)cc3)[nH]c(-c3nccs3)c12,5.4
O=c1c2ccccc2oc2c(Cc3ccc(O)cc3)[nH]c(-c3ccccc3F)c12,16.0
O=c1c2ccccc2oc2c(Cc3ccc(O)cc3)[nH]c(-c3cccnc3Cl)c12,100.0
O=c1c2ccccc2oc2c(Cc3ccc(O)cc3)[nH]c(-c3ccc(Cl)cn3)c12,50.0
O=c1c2ccccc2oc2c(Cc3ccc(O)cc3)[nH]c(-c3ccncc3)c12,100.0
O=c1c2ccccc2oc2c(Cc3ccc(O)cc3)[nH]c(-c3ccncn3)c12,56.0
O=C(c1[nH]c(Cc2ccc(O)cc2)c2oc3ccccc3c(=O)c12)N1CCN(C2CC2)CC1,100.0
CC(C)N1CCN(C(=O)c2[nH]c(Cc3ccc(O)cc3)c3oc4ccccc4c(=O)c23)CC1,100.0
O=C(c1[nH]c(Cc2ccc(O)cc2)c2oc3ccccc3c(=O)c12)N1CCOCC1,100.0
COC(=O)c1[nH]c(Cc2ccc(O)cc2)c2oc3ccccc3c(=O)c12,31.0
COc1ccc(CNc2c3c(nc4ccc(C#N)cc24)CCN(C)C3)cc1Cl,0.59
CCN1CCc2nc3ccc(C#N)cc3c(NCc3ccc(OC)c(Cl)c3)c2C1,0.19
COc1ccc(CNc2c3c(nc4ccc(C#N)cc24)CCN(C(C)=O)C3)cc1Cl,0.056
CC(=O)N1CCc2nc3ccc(C#N)cc3c(NCc3ccc(OC(F)(F)F)c(Cl)c3)c2C1,337.0
CC(=O)N1CCc2nc3ccc(C#N)cc3c(NCc3ccnc(Cl)c3)c2C1,57.0
COc1c(F)cc(CNc2c3c(nc4ccc(C#N)cc24)CCN(C(C)=O)C3)cc1Cl,0.32
COc1ccc(CNc2c3c(nc4ccc(C#N)cc24)CCNC3)cc1Cl,1.55
COc1ccc(CNc2c3c(nc4ccc(C)cc24)CCN(C(C)=O)C3)cc1Cl,110.0
COc1ccc2nc3c(c(NCc4ccc(OC)c(Cl)c4)c2c1)CN(C(C)=O)CC3,45.2
COc1ccc(CNc2c3c(nc4ccc(Br)cc24)CCN(C(C)=O)C3)cc1Cl,3.1
COc1ccc(CNc2c3c(nc4ccc(Br)cc24)CCN(C)C3)cc1Cl,21.6
CCN1Cc2nc3ccc(C#N)cc3c(NCc3ccc(OC)c(Cl)c3)c2C1=O,0.059
CCN1Cc2nc3ccc(OC)cc3c(NCc3ccc(OC)c(Cl)c3)c2C1=O,3.8
CCN1Cc2nc3ccc(C(F)(F)F)cc3c(NCc3ccc(OC)c(Cl)c3)c2C1=O,0.29
CCN1Cc2nc3ccc(Cl)cc3c(NCc3ccc(OC)c(Cl)c3)c2C1=O,1.7
COc1ccc(CNc2c3c(nc4ccccc24)CN(C(C)(C)C)C3=O)cc1Cl,333.0
CN(C)C(=O)c1cccc(S(=O)(=O)N2CCC[C@H]2C(=O)O[C@@H](Cc2c(Cl)c[n+]([O-])cc2Cl)c2ccc(OC(F)F)c(OCC3CC3)c2)c1,13900.0
CN(C)C(=O)c1cccc(S(=O)(=O)N2CCS[C@H]2C(=O)O[C@@H](Cc2c(Cl)c[n+]([O-])cc2Cl)c2ccc(OC(F)F)c(OCC3CC3)c2)c1,4610.0
CCCc1nn(C)c2c(=O)nc(-c3cc(S(=O)(=O)N4CCN(CC)CC4)ccc3OCC)[nH]c12,8.9
CC[C@@H](NC(=O)c1cnn2cc(C)cnc12)c1ccc(OC(F)(F)F)cc1,10000.0
CCC(NC(=O)N1CC(=O)Nc2cccnc21)c1ccc(OC(F)(F)F)cc1,9800.0
CCC(NC(=O)N1CC(=O)Nc2cccnc21)c1ccc(OC(F)(F)F)cc1,10000.0
Cc1ccc2c(c1)C(=O)C(=O)N2C(=O)N(C)C,100000.0
Cc1ccc2c(c1)C(=O)C(=O)N2Cc1ccccc1[N+](=O)[O-],200000.0
O=C1C(=O)N(Cc2ccc(Br)cc2)c2ccc(Br)cc21,130620.0
O=C1C(=O)N(C(=O)c2ccccc2)c2ccc(CN3CCCCC3)cc21,50000.0
CN1CCN(Cc2ccc3c(c2)C(=O)C(=O)N3C(=O)c2ccccc2)CC1,1000000.0
CCN(CC)Cc1ccc(NC(=O)c2ccccc2)c(C(=O)C(=O)N(CC)CC)c1,157510.0
Cc1ccc2c(c1)CC(=O)N2C(=O)c1ccccc1,91200.0
O=C(O)CCC(=O)NCc1ccc2c(c1)CC(=O)N2C(=O)c1ccccc1,17600.0
COc1ccc(NCc2ccc3c(c2)C(=O)C(=O)N3C(=O)c2ccccc2)cc1,100000.0
COc1ccc2c(N[C@@H](C)Cc3cc(C)[nH]n3)ncnc2c1OC,54.3
COc1ccc2c(NC(C)Cc3cc(C)[nH]n3)ncnc2c1OC,30300.0
Cc1nn2c(-c3c(C)nn(C)c3-c3ccc(C(F)(F)F)cc3)nc(CO)c2c(=O)[nH]1,2439.0
COc1cc2c(cc1OC1CCCC1)CN(S(=O)(=O)c1ccc(NC(C)=O)cc1)CC2,100000.0
CCOCCn1nc(C(=O)NS(C)(=O)=O)c2nc(N(C)CC)nc(Nc3cc(C)ccn3)c21,0.5012
COc1cc2c(cc1OC)CN(c1nc(NCCc3cccc(OC)c3OC)nc3ccc([N+](=O)[O-])cc13)CC2,19.95
CCOCCn1nc(C(=O)NC)c2nc(N3CCNCC3)nc(Nc3cc(C)ccn3)c21,0.5012
CCOC(=O)c1cc2c(cn1)[nH]c1ccccc12,794.33
CCCCN1C(=O)[C@H]2Cc3c([nH]c4ccccc34)[C@H](c3ccc(OC)cc3)N2C1=O,5.012
CCc1ccc([C@H]2c3[nH]c4ccccc4c(=O)c3CN2c2ncc(-c3ccccn3)cn2)s1,26.9
OCc1ccoc1-c1nccc2c1[nH]c1ccccc12,4900.0
CCc1ccc([C@@H]2c3[nH]c4ccccc4c(=O)c3CN2c2ncc(-c3ccccn3)cn2)o1,0.39
CCc1ccc(C2c3[nH]c4ccccc4c(=O)c3CN2c2ncccn2)o1,3.14
CCc1ccc(C2c3[nH]c4ccccc4c(=O)c3CN2c2ncc(-c3ccncc3)cn2)s1,0.67
CCc1ccc(C2c3[nH]c4ccccc4c(=O)c3CN2c2ncc(-c3cccnc3)cn2)s1,0.6
CCc1ccc(C2c3[nH]c4ccccc4c(=O)c3CN2c2ncc(-c3cccnc3F)cn2)s1,0.82
CCc1ccc(C2c3[nH]c4ccccc4c(=O)c3CN2c2ccccn2)s1,2.85
CCc1ccc(C2c3[nH]c4ccccc4c(=O)c3CN2c2ccc(-c3ccccn3)cn2)s1,1.2
CCc1ccc(C2c3[nH]c4ccccc4c(=O)c3CN2c2ncc(-c3ccc(OC)c(OC)c3)cn2)s1,1.25
CCc1ccc(C2c3[nH]c4ccccc4c(=O)c3CN2c2ncc(-c3ccc(OC)cc3)cn2)s1,6.45
CCc1ccc(C2c3[nH]c4ccccc4c(=O)c3CN2c2ncc(Br)cn2)s1,3.28
CCc1ccc(C2c3[nH]c4ccccc4c(=O)c3CN2c2ncc(-c3ccccn3)cn2)s1,0.6
CCc1ccc(C2c3[nH]c4ccccc4c(=O)c3CN2c2ncc(-c3ccccn3)cn2)o1,0.54
CCCc1nc(C)c2c(=O)[nH]c(-c3cc(CC4CC(C(=O)NO)C4)ccc3OCC)nn12,5.0
CCCc1nn(C)c2c(=O)[nH]c(-c3cc(Cc4ccc(C(=O)NO)cc4)ccc3OCC)nc12,48.0
CCCc1nn(C)c2c(=O)[nH]c(-c3cc(Cc4ccc(CC(=O)NO)cc4)ccc3OCC)nc12,15.0
CCCc1nn(C)c2c(=O)[nH]c(-c3cc(Cc4ccc(C(=O)NO)c(OC)c4)ccc3OCC)nc12,144.0
CCCc1nn(C)c2c(=O)[nH]c(-c3cc(Cc4ccc(C(=O)NO)cc4F)ccc3OCC)nc12,149.0
CCCc1nn(C)c2c(=O)[nH]c(-c3cc(C(O)c4ccc(C(=O)NO)cc4)ccc3OCC)nc12,10.0
CCCc1nn(C)c2c(=O)[nH]c(-c3cc(C(OC)c4ccc(C(=O)NO)cc4)ccc3OCC)nc12,20.0
CCCc1nn(C)c2c(=O)[nH]c(-c3cc(Nc4ccc(C(=O)NO)cc4)ccc3OCC)nc12,2.0
CCCc1nn(C)c2c(=O)[nH]c(-c3cc(OCc4ccc(C(=O)NO)cc4)ccc3OCC)nc12,79.0
CCCc1nn(C)c2c(=O)[nH]c(-c3cc(Cc4ccc(C(=O)NO)o4)ccc3OCC)nc12,3.0
CCCc1nn(C)c2c(=O)[nH]c(-c3cc(-c4ccc(C(=O)NO)cc4)ccc3OCC)nc12,1.0
CCCc1nn(C)c2c(=O)[nH]c(-c3cc(-c4ccc(CC(=O)NO)cc4)ccc3OCC)nc12,10.0
CCCc1nn(C)c2c(=O)[nH]c(-c3cc(-c4ccc(C(=O)NO)s4)ccc3OCC)nc12,7.0
CCCc1nn(C)c2c(=O)[nH]c(-c3cc(C4=CCC(C(=O)NO)CC4)ccc3OCC)nc12,27.0
CCCc1nn(C)c2c(=O)[nH]c(-c3cc(C4=CCC(CC(=O)NO)CC4)ccc3OCC)nc12,14.0
CCCc1nn(C)c2c(=O)[nH]c(-c3cc(C4CCC(C(=O)NO)CC4)ccc3OCC)nc12,146.0
CCCc1nn(C)c2c(=O)[nH]c(-c3cc([C@H]4CC[C@@H](C(=O)NO)CC4)ccc3OCC)nc12,53.0
CCCc1nn(C)c2c(=O)[nH]c(-c3cc([C@H]4CC[C@H](C(=O)NO)CC4)ccc3OCC)nc12,190.0
CCCc1nn(C)c2c(=O)[nH]c(-c3cc(N4CCC(C(=O)NO)CC4)ccc3OCC)nc12,36.0
CCCc1nc(C)c2c(=O)[nH]c(-c3cc(Cc4ccc(C(=O)NO)cc4)ccc3OCC)nn12,13.0
CCCc1nc(C)c2c(=O)[nH]c(-c3cc(-c4ccc(C(=O)NO)cc4)ccc3OCC)nn12,2.0
O=c1c2c(O)cccc2oc2c(Cc3ccc4c(c3)OCO4)[nH]c(-c3nccs3)c12,1.05
COc1cccc2oc3c(Cc4ccc5c(c4)OCO5)[nH]c(-c4nccs4)c3c(=O)c12,4.38
O=c1c2c(F)cccc2oc2c(Cc3ccc4c(c3)OCO4)[nH]c(-c3nccs3)c12,1.41
O=c1c2cc(F)ccc2oc2c(Cc3ccc4c(c3)OCO4)[nH]c(-c3nccs3)c12,4.03
O=c1c2cc(Cl)ccc2oc2c(Cc3ccc4c(c3)OCO4)[nH]c(-c3nccs3)c12,9.63
O=c1c2cc(Br)ccc2oc2c(Cc3ccc4c(c3)OCO4)[nH]c(-c3nccs3)c12,3.82
O=c1c2cc(Cl)cc(Br)c2oc2c(Cc3ccc4c(c3)OCO4)[nH]c(-c3nccs3)c12,3.04
O=c1c2cc(F)cc(F)c2oc2c(Cc3ccc4c(c3)OCO4)[nH]c(-c3nccs3)c12,1.63
O=c1c2ccc(F)cc2oc2c(Cc3ccc4c(c3)OCO4)[nH]c(-c3nccs3)c12,2.38
O=c1c2ccc(Br)cc2oc2c(Cc3ccc4c(c3)OCO4)[nH]c(-c3nccs3)c12,1.58
O=c1c2cccc(Cl)c2oc2c(Cc3ccc4c(c3)OCO4)[nH]c(-c3nccs3)c12,2.09
O=c1c2c(O)cc(NCCN3CCOCC3)cc2oc2c(Cc3ccc4c(c3)OCO4)[nH]c(-c3nccs3)c12,0.79
COCCNc1cc(O)c2c(=O)c3c(-c4nccs4)[nH]c(Cc4ccc5c(c4)OCO5)c3oc2c1,0.32
CCc1ccc(C2c3[nH]c4ccccc4c3C(=O)CN2c2ncc(-c3ccc(OC)c(OC)c3)cn2)o1,52.5
CCc1ccc(C2c3[nH]c4ccccc4c3CCN2C(=O)/C=C/c2ccc(C(=O)O)cc2)s1,235.0
CCc1ccc(C2c3[nH]c4ccccc4c3CCN2c2ncc(-c3ccc(OC)c(OC)c3)cn2)o1,177.0
CCCCN1C(=O)[C@H]2Cc3c([nH]c4ccccc34)[C@@H](c3ccc(CC)s3)N2C1=O,36.4
CCCCN1C(=O)[C@@H]2Cc3c([nH]c4ccccc34)[C@@H](c3ccc(CC)s3)N2C1=O,30.3
CCc1ccc([C@@H]2c3[nH]c4ccccc4c3C[C@@H]3C(=O)N(CC)C(=O)N23)s1,7.02
CCc1ccc([C@@H]2c3[nH]c4ccccc4c3C[C@@H]3C(=O)N(CC)C(=O)N23)o1,8.44
CCc1ccc([C@H]2c3[nH]c4ccccc4c3C[C@@H]3C(=O)N(CC)C(=O)N23)o1,27.6
CCc1ccc([C@@H]2c3[nH]c4ccccc4c3C[C@H]3C(=O)N(CC)C(=O)N23)s1,5.24
CCN1C(=O)[C@@H]2Cc3c([nH]c4ccccc34)[C@@H](c3ccc(C)o3)N2C1=O,10.5
CCc1ccc([C@@H]2c3[nH]c4ccccc4c3C[C@H]3C(=O)N(C)CC(=O)N23)s1,61.0
CCc1ccc([C@H]2c3[nH]c4ccccc4c3C[C@H]3C(=O)N(C)CC(=O)N23)s1,19.9
Cc1ccsc1[C@H]1c2[nH]c3ccccc3c2C[C@@H]2C(=O)N(C)CC(=O)N12,97.5
CN1CC(=O)N2[C@H](c3sccc3Br)c3[nH]c4ccccc4c3C[C@@H]2C1=O,80.2
CCc1ccc([C@@H]2c3[nH]c4ccccc4c3C[C@@H]3C(=O)N(C)CC(=O)N23)s1,3.87
Cc1ccc([C@@H]2c3[nH]c4ccccc4c3C[C@@H]3C(=O)N(C)CC(=O)N23)s1,8.68
Cc1ccc([C@@H]2c3[nH]c4ccccc4c3C[C@@H]3C(=O)N(C)CC(=O)N23)o1,36.9
c1ccc(CNc2ncnc3sc4c(c23)CCCCC4)cc1,190.0
CC(C)(C)Oc1ccc(Cc2[nH]c(-c3ccco3)c3c(=O)c4ccccc4oc23)cc1,240.0
CCCc1nn(C)c2c(=O)[nH]c(-c3cc(Cc4ccc(C(=O)NO)o4)ccc3OCC)nc12,3.0
CCCCCN1C(=O)[C@@H]2Cc3c([nH]c4ccccc34)[C@@H](c3ccc(Br)s3)N2C1=O,170.0
CCN1C(=O)[C@@H]2Cc3c([nH]c4ccccc34)[C@@H](c3ccc(Br)s3)N2C1=O,160.0
CCc1ccc(C2c3[nH]c4ccccc4c(=O)c3CN2c2ncc(-c3ccccn3)cn2)o1,0.53
CCc1ccc(C2c3[nH]c4ccccc4c(=O)c3CN2c2ncc(-c3ccccn3)cn2)s1,0.6
CCc1ccc(C2c3[nH]c4ccccc4c3CCN2c2ccc(-c3ccccn3)cn2)s1,86.0
OCc1ccoc1-c1nccc2c1[nH]c1ccccc12,4900.0
CCCCN1C(=O)[C@H]2Cc3c([nH]c4ccccc34)[C@H](c3ccc(OC)cc3)N2C1=O,5.0
CCCCN1C(=O)[C@@H]2Cc3c([nH]c4ccccc34)[C@H](c3ccc(OC)cc3)N2C1=O,8.0
COc1ccccc1NC(=O)C1Cc2cc(OC3CCCC3)c(OC)cc2C(c2ccccc2)=N1,200000.0
COc1cc2c(cc1OC1CCCC1)CC(C(=O)Nc1ccccc1OC(F)(F)F)N=C2c1ccccc1,200000.0
CCn1ncc(-c2nc3c(N[C@H]4CCN(C(=O)C5CCOCC5)C4)ncnc3n2C)c1C,20000.0
CCn1ncc(-c2nc3c(O[C@H]4CCN(C(=O)C5CCOCC5)C4)ncnc3n2C)c1C,50000.0
Cc1nc2ccc(F)cc2nc1-c1cc2nc(N3CC[C@@H](F)C3)cc(NCC(C)(C)O)n2n1.Cl,437.0
O=C1[C@H]2Cc3c([nH]c4ccccc34)[C@@H](c3ccc4c(c3)OCO4)N2C(=O)CN1CCC1CCN(Cc2ccccc2)CC1,1530.0
Cc1ccc2c(c1)nc(CCN1C(=O)c3cccc4cccc(c34)C1=O)n2-c1ccncc1,20000.0
CCCCC(CC)CN1C=NC2C(=O)NC(Cc3ccc(OC)cc3)=NC21,500000.0
CCCOc1ccc(S(=O)(=O)N(CCO)CCN2CCOCC2)cc1-c1nc(CC)c(CC)c(=O)[nH]1,1.01
CCCOc1ccc(S(=O)(=O)N2CCC[C@H]2C(=O)O)cc1-c1nc(CC)c(CC)c(=O)[nH]1,2.02
CCCOc1ccc(S(=O)(=O)NCCC(=O)O)cc1-c1nc(CC)c(CC)c(=O)[nH]1,1.69
CCCOc1ccc(N)cc1-c1nc(CC)c(CC)c(=O)[nH]1,5.33
CCCOc1ccc(NC(=O)CC)cc1-c1nc(CC)c(CC)c(=O)[nH]1,1.21
CCCOc1ccc(NC(=O)[C@@H]2CCCN2C(C)=O)cc1-c1nc(CC)c(CC)c(=O)[nH]1,0.54
CCCOc1ccc(NC(=O)C2CCN(C)CC2)cc1-c1nc(CC)c(CC)c(=O)[nH]1,0.79
CCCOc1ccc(NC(=O)CCCNC(C)=O)cc1-c1nc(CC)c(CC)c(=O)[nH]1,0.92
CCCOc1ccc(NC(=O)CN2CCN(C)CC2)cc1-c1nc(CC)c(CC)c(=O)[nH]1,0.62
CCCOc1ccc(NC(N)=O)cc1-c1nc(CC)c(CC)c(=O)[nH]1,1.61
CCCOc1ccc(NC(=O)N2CCCC2)cc1-c1nc(CC)c(CC)c(=O)[nH]1,1.86
CCCOc1ccc(NS(C)(=O)=O)cc1-c1nc(CC)c(CC)c(=O)[nH]1,1.23
COc1c(OCCCCCCC(=O)O)cc2oc3cc4c(c(O)c3c(=O)c2c1CC=C(C)C)C=CC(C)(C)O4,3390.0
COc1ccc(-c2oc3c(CC=C(C)C)c(O)cc(O)c3c(=O)c2O[C@@H]2O[C@@H](C)[C@H](O)[C@@H](O)[C@H]2O)cc1,1700.0
CN1CC(=O)N2C(Cc3c([nH]c4ccccc34)C2c2ccc3c(c2)OCO3)C1=O,1.2
CN1CC(=O)N2C(Cc3c([nH]c4ccccc34)C2c2ccc3c(c2)OCO3)C1=O,1.2
CC(C)Cn1c(=O)n(C)c(=O)c2nc[nH]c21,2100.0
O=C(O)c1ccc(-c2c(/C=C/c3ccc4ccccc4n3)nc3c(N4CCOCC4)ccnn23)cc1,5400.0
C[C@@H](Nc1nc2c(cnn2C(C)(C)C)c(=O)n1Cc1ccc(F)cc1)c1ccc(Cl)cc1,370.0
O=c1c2ccccc2nc2n1CCc1c-2[nH]c2ccccc12,1230.0
CCCn1c2c(c3ccccc31)CCn1c-2nc2ccccc2c1=O,1700.0
CC(C)CCn1c2c(c3ccccc31)CCn1c-2nc2ccccc2c1=O,610.0
CCCCn1c2c(c3ccccc31)CCn1c-2nc2ccccc2c1=O,1120.0
COc1ccc2c3c([nH]c2c1)-c1nc2ccccc2c(=O)n1CC3,22050.0
CCn1c2c(c3ccc(OC)cc31)CCn1c-2nc2ccccc2c1=O,11630.0
COc1ccc2c3c(n(CCC(C)C)c2c1)-c1nc2ccccc2c(=O)n1CC3,6170.0
CCn1c2c(c3c(OC)cc(OC)cc31)CCn1c-2nc2ccccc2c1=O,47320.0
CCCn1c2c(c3c(OC)cc(OC)cc31)CCn1c-2nc2ccccc2c1=O,19760.0
COc1cc(OC)c2c3c(n(CCC(C)C)c2c1)-c1nc2ccccc2c(=O)n1CC3,18230.0
CCCCn1c2c(c3c(OC)cc(OC)cc31)CCn1c-2nc2ccccc2c1=O,20630.0
CCn1c2c(c3ccc(O)cc31)CCn1c-2nc2ccccc2c1=O,970.0
CCCn1c2c(c3ccc(O)cc31)CCn1c-2nc2ccccc2c1=O,1330.0
O=c1c2ccccc2nc2n1CCc1c-2[nH]c2cc(O)cc(O)c12,790.0
CCCn1c2c(c3c(O)cc(O)cc31)CCn1c-2nc2ccccc2c1=O,330.0
CC(C)CCn1c2c(c3c(O)cc(O)cc31)CCn1c-2nc2ccccc2c1=O,86.0
CCCCn1c2c(c3c(O)cc(O)cc31)CCn1c-2nc2ccccc2c1=O,260.0
COc1cc2c(cc1OC)C(=O)C(CC1CCN(Cc3ccccc3)CC1)C2,100000.0
Nc1ncc(-c2ccc(C3(c4nn[nH]n4)CCCC3)cc2)cc1-c1ccc(Cl)cc1,27.0
Nc1ncc(-c2ccc3c(c2)CC[C@@H]3C(=O)O)cc1-c1ccc(Cl)cc1,3400.0
CC(C)(Oc1ccc(-c2cnc(N)c(-c3ccc(Cl)cc3)c2)cc1)C(=O)O,1900.0
COc1ccc(CNc2nc(N3CCC[C@H]3CO)ncc2C(=O)N[C@H]2CC[C@@H](OC)CC2)cc1Cl,900.0
COc1ccc(CNc2nc(N3CCC[C@@H]3CO)ncc2C(=O)NCc2ccccn2)cc1Cl,1200.0
COc1ccc(CNc2nc(OCc3ccccn3)ncc2C(=O)NCCN2CCOCC2)cc1Cl,5600.0
COc1ccc(CNc2nc(N3CCC[C@H]3CO)ncc2C(=O)N[C@H]2CC[C@H](O)CC2)cc1Cl,1800.0
COc1ccc(CNc2nc(OCc3ccccn3)ncc2C(=O)NCc2ccccn2)cc1Cl,2700.0
COc1ccc(CNc2nc(OCc3ccccn3)ncc2C(=O)N[C@H]2CC[C@@H](O)CC2)cc1Cl,3500.0
COc1ccc(CNc2nc(N3CCC[C@H]3CO)ncc2C(=O)NC[C@@H]2CN(C)CCO2)cc1Cl,6100.0
COc1ccc(CNc2nc(N3CCC[C@H]3CO)ncc2C(=O)NCCCO)cc1Cl,6600.0
COc1ccc(CNc2nc(N3Cc4ccccc4C[C@@H]3CO)ncc2C(=O)NCc2ccccn2)cc1Cl,6500.0
COc1ccc(CNc2nc(OCc3ccccn3)ncc2C(=O)NCCCCO)cc1Cl,12000.0
COc1ccc(CNc2nc(N3CCCC[C@H]3CO)ncc2C(=O)NCc2ncccn2)cc1Cl,63000.0
COc1ccc(CNc2nc(N(C)CCO)ncc2C(=O)NCc2ccccn2)cc1Cl,32000.0
COc1ccc(CNc2nc(N3CCC(O)CC3)ncc2C(=O)NCc2ccccn2)cc1Cl,59000.0
CN1c2ccccc2C(=O)N2CCc3c([nH]c4ccccc34)[C@H]21,1300.0
CN1c2ccccc2C(=O)N2CCc3c([nH]c4ccccc34)[C@@H]21,50000.0
COc1cccc2c1C(=O)N1CCc3c([nH]c4ccccc34)[C@H]1N2C,110.0
COc1cccc2c1C(=O)N1CCc3c([nH]c4ccccc34)[C@@H]1N2C,2600.0
CN1c2cccc(O)c2C(=O)N2CCc3c([nH]c4ccccc34)[C@@H]21,10000.0
COc1ccc2c3c([nH]c2c1)C1N(CC3)C(=O)c2c(OC)cccc2N1C,53.0
COc1ccc2c3c([nH]c2c1)[C@@H]1N(CC3)C(=O)c2c(OC)cccc2N1C,42.0
COc1cccc2c1C(=O)N1CCc3c([nH]c4cccc(OC)c34)[C@H]1N2C,35.0
OCCCNc1ccnc2c1nc(-c1ccco1)n2C1CCCC1,2710.0
COc1ccc(C2CC(c3ccccc3OC)=NN2c2ccc(C(=O)O)cc2)cc1,3200.0
COc1ccc(C2CC(c3ccc(F)cc3)=NN2c2ccc(C(=O)O)cc2)cc1,3100.0
COc1ccc(C2CC(c3ccccc3C)=NN2c2ccc(C(=O)O)cc2)cc1,500.0
COc1ccc(C2CC(c3cccc(C)c3)=NN2c2ccc(C(=O)O)cc2)cc1,1560.0
COc1ccc(C2CC(c3ccc(O)cc3)=NN2c2ccc(C(=O)O)cc2)cc1,2500.0
COc1ccc(C2CC(c3ccccc3)=NN2c2ccc(C(=O)O)cc2)cc1F,1190.0
COc1ccc(C2CC(c3ccccc3C)=NN2c2ccc(C(=O)O)cc2)cc1F,130.0
COc1ccc(C2CC(C(C)(C)C)=NN2c2ccc(C(=O)O)cc2)cc1F,590.0
CC(C)(C)C1=NN(c2ccc(C(=O)O)cc2)C(c2ccc(OC(F)(F)F)cc2)C1,10000.0
COc1cc(C2CC(C(C)(C)C)=NN2c2ccc(C(=O)O)cc2)ccc1F,10080.0
COc1cc(F)c(C2CC(C(C)(C)C)=NN2c2ccc(C(=O)O)cc2)cc1F,10000.0
CCOc1c(F)cc(C2CC(C(C)(C)C)=NN2c2ccc(C(=O)O)cc2)cc1F,200.0
COc1ccc(C2C3Cc4ccccc4C3=NN2c2ccc(C(=O)O)cc2)cc1,1440.0
COc1ccc(C2C3COc4ccccc4C3=NN2c2ccc(C(=O)O)cc2)cc1,1160.0
CCCCNC(=O)c1ccc(N2N=C(c3ccccc3)CC2c2ccc(OC)cc2)cc1,410.0
CCNC(=O)c1ccc(N2N=C(c3ccccc3)CC2c2ccc(OC)cc2)cc1,600.0
CCCCNC(=O)c1ccc(N2N=C(C(C)(C)C)CC2c2ccc(OC)cc2)cc1,1200.0
CCCCNC(=O)c1ccc(N2N=C(C(C)(C)C)CC2c2ccc(OC)c(F)c2)cc1,410.0
CCCCNC(=O)c1ccc(N2N=C(c3ccccc3C)CC2c2ccc(OC)cc2)cc1,280.0
COc1ccc(C2CC(c3ccccc3C)=NN2c2ccc(C(=O)NCCO)cc2)cc1,340.0
Cc1ccc(C2CC(C(C)(C)C)=NN2c2ccc(C(=O)O)cc2)cc1,8400.0
COc1ccc(C2CC(C(C)(C)C)=NN2c2ccc(C(=O)N3CCN(C)CC3)cc2)cc1,90.0
COc1c(F)cc(C2CC(C(C)(C)C)=NN2c2ccc(C(=O)N3CCN(C)CC3)cc2)cc1F,1.0
COc1ccc(C2CC(c3ccccc3C)=NN2c2ccc(C(=O)N3CCN(C)CC3)cc2)cc1,21.0
COc1ccc(C2CC(c3ccccc3C)=NN2c2ccc(C(=O)N3CCN(C)CC3)cc2)cc1F,40.0
COc1ccc(C2CC(C(C)(C)C)=NN2c2ccc(C(=O)N3CCN(C)CC3)cc2)cc1F,20.0
COc1ccc(C2CC(C(C)(C)C)=NN2c2ccc(C(=O)N3CCN(C)CC3)cc2)cc1Cl,190.0
COc1ccc(C2CC(C(C)(C)C)=NN2c2ccc(C(=O)N3CCN(C)CC3)cc2)c(F)c1F,4.0
CCOc1c(F)cc(C2CC(C(C)(C)C)=NN2c2ccc(C(=O)N3CCN(C)CC3)cc2)cc1F,130.0
COc1c(F)cc(C2CC(C(C)(C)C)=NN2c2ccc(C(=O)N3CCN(C)CC3)cc2)cc1F,1000000.0
N#Cc1ccc(Oc2ccc3c(c2)COB3O)cc1,56100000.0
OB1OCc2cc(Oc3ccc4cc(C(F)(F)F)ccc4n3)ccc21,819000.0
COc1c(OCc2ccc(F)cc2)cc2oc3cc4c(c(OC/C=C/C(=O)O)c3c(=O)c2c1CC=C(C)C)C=CC(C)(C)O4,93.0
Cc1nc2c([C@H](C)c3ccc(C(F)(F)F)c(F)c3)nn(CCO)c2c(=O)[nH]1,23000.0
Cc1nc2c([C@H](C)c3ccc(C(C)(C)C)cc3)nn(CCF)c2c(=O)[nH]1,21000.0
C[C@@H](Nc1nc2c(cnn2C2CCCC2)c(=O)[nH]1)C(=O)N1CCC(Cl)CC1,1550.0
Cc1cnc2c(-c3ccc(C(=O)N(c4ncccc4C)[C@@H]4CCCNC4)cc3F)cnn2c1,200000.0
CCCc1nn(C)c2c(=O)[nH]c(-c3cc(CC4CC(C(=O)NO)C4)ccc3OCC)nc12,60.0
COc1ccc(CNc2c3c(nc4ccc(C#N)cc24)CCN(C(C)=O)C3)cc1Cl,0.056
COc1ccc(CCc2cc(=O)c3c(o2)[C@@H](Oc2cc(O)cc4c(=O)cc(CCc5ccccc5)oc24)[C@H](O)[C@H](O)[C@H]3O)cc1,7900.0
COc1ccc(CCc2cc(=O)c3cc(O)c(O[C@@H]4c5oc(CCc6ccccc6)cc(=O)c5[C@H](O)[C@@H](O)[C@H]4O)cc3o2)cc1,4300.0
O=C(CCc1ccccc1)O[C@@H]1c2oc(CCc3ccccc3)cc(=O)c2[C@H](O)[C@@H](O)[C@H]1O,15100.0
Cc1nc(C)n(CC(=O)N2CCN(c3sc(C(F)(F)F)nc3-c3nc4ccc(-c5noc(C)n5)cc4[nH]3)C[C@H]2C)n1,8700.0
C[C@@H]1CN(Cc2ccc(C(=O)NO)cc2)C[C@H]1c1nc2c(cnn2C2CCCC2)c(=O)[nH]1,10000.0
COc1cc2c(cc1OCCN1CCCCC1)C(=O)C(Cc1cccnc1)C2,50000.0
CCCOc1ccc(S(=O)(=O)NCCC2CCCN2C)cc1-c1nc2c(CCC)nn(C)c2c(=O)[nH]1,8.25
Clc1ccc2nc(-n3ccnc3)nc(NCc3ccccc3)c2c1,2.8
COc1cc2nc(Nc3cccc(S(N)(=O)=O)c3)nc(NC3CCN(Cc4ccccc4)CC3)c2cc1OC,1640.0
NS(=O)(=O)c1cccc(Nc2nc(NCc3ccccc3)c3ccccc3n2)c1,100.0
CN1CCN(S(=O)(=O)c2cccc(Nc3nc(NCc4ccccc4)c4ccccc4n3)c2)CC1,500.0
CN1CCN(S(=O)(=O)c2cccc(Nc3nc(NCc4cccs4)c4ccccc4n3)c2)CC1,520.0
CN1CCN(S(=O)(=O)c2ccc(Nc3nc(NCc4ccccc4)c4ccccc4n3)cc2)CC1,490.0
CCCNc1nc(Nc2cccc(S(=O)(=O)N3CCN(C)CC3)c2)nc2ccccc12,600.0
CCCNc1nc(Nc2ccc(S(=O)(=O)N3CCN(C)CC3)cc2)nc2ccccc12,410.0
CC(C)CNc1nc(Nc2cccc(S(=O)(=O)N3CCN(C)CC3)c2)nc2ccccc12,430.0
CC(C)CNc1nc(Nc2ccc(S(=O)(=O)N3CCN(C)CC3)cc2)nc2ccccc12,360.0
CCCNc1nc(Nc2cccc(S(N)(=O)=O)c2)nc2cc(OC)c(OC)cc12,1440.0
COc1cc2nc(Nc3cccc(S(N)(=O)=O)c3)nc(NCC(C)C)c2cc1OC,5230.0
CN1CCN(S(=O)(=O)c2ccc(Nc3nc(NCc4ccccc4)c4ncn(C)c4n3)cc2)CC1,38370.0
CCCNc1nc(Nc2ccc(S(=O)(=O)N3CCN(C)CC3)cc2)nc2c1ncn2C,18880.0
CC(C)CNc1nc(Nc2cccc(S(=O)(=O)N3CCN(C)CC3)c2)nc2c1ncn2C,33260.0
CC(C)CNc1nc(Nc2ccc(S(=O)(=O)N3CCN(C)CC3)cc2)nc2c1ncn2C,28540.0
Cn1cnc2c(NCc3ccccc3)nc(Nc3ccc(S(N)(=O)=O)cc3)nc21,23010.0
CN1CCN(S(=O)(=O)c2cccc(Nc3nc(NCc4ccccc4)c4nc[nH]c4n3)c2)CC1,2020.0
CC(C)N1CCC(Nc2nc(Nc3cccc(S(=O)(=O)N4CCN(C)CC4)c3)nc3ccccc23)CC1,150.0
CN(C)CCNc1nc(Nc2cccc(S(N)(=O)=O)c2)nc2ccccc12,9390.0
CN(C)CCNc1nc(Nc2cccc(S(=O)(=O)N3CCN(C)CC3)c2)nc2ccccc12,5280.0
CC1=C(C(=O)O[C@H](C)c2ccccc2)C(c2ccc3c(cnn3C)c2)C(C(=O)O[C@H](C)c2ccccc2)=C(C)N1,1810.0
O=C(CCCCCCN1CC(=O)N2[C@H](CC3c4ccccc4NC3[C@H]2c2ccc(Br)cc2)C1=O)NO,46.2
O=C(O)CCN1CC(=O)N2[C@H](CC3c4ccccc4NC3[C@H]2c2ccc(Br)cc2)C1=O,2.0
O=C1[C@H]2Cc3c([nH]c4ccccc34)[C@@H](c3ccc4c(c3)OCO4)N2C(=O)CN1CCC1CCN(Cc2ccccc2)CC1,36.0
O=C1[C@@H]2Cc3c([nH]c4ccccc34)[C@@H](c3ccc4c(c3)OCO4)N2C(=O)CN1CCC1CCN(Cc2ccccc2)CC1,32.0
c1ccc(CNc2ncnc3sc4c(c23)CCCCC4)cc1,190.0
CCN1C(=O)[C@@H]2Cc3c([nH]c4ccccc34)[C@@H](c3ccc(Br)s3)N2C1=O,160.0
Cc1ccc([N+](=O)[O-])cc1S(=O)(=O)N(C)C,62000.0
CCc1cc(C#N)cc2c(NCc3ccc(OC)c(Cl)c3)c(COCCF)cnc12,1.86
CCc1cc(C#N)cc2c(NCc3ccc(OC)c(Cl)c3)c(COCCF)cnc12,5.92
COc1nc2ccccc2cc1-c1nc2c(cnn2-c2ccc(Br)cc2)c(=O)[nH]1,1570.0
O=C(CCCCCN1CCN2[C@H](Cc3c([nH]c4ccccc34)[C@H]2c2ccc(Br)cc2)C1)NO,46.3
COC(=O)c1cc2c(cn1)[nH]c1ccccc12,800.0
O=C(Cc1cnc(N2CCC(CN3CC(=O)N4[C@H](c5ccc6c(c5)OCO6)c5[nH]c6ccccc6c5C[C@@H]4C3=O)CC2)nc1)NO,653.0
O=C(CCCCCCN1CC(=O)N2[C@H](c3ccc(Br)cc3)c3[nH]c4ccccc4c3C[C@@H]2C1=O)NO,46.0
CC(C)=CCC1=C(O)c2c(occ(-c3ccc(O[N+](=O)[O-])cc3)c2=O)C2C=CC(C)(C)OC12,500.0
CC(C)=CCc1c(O)c2c(c3c1OC(C)(C)C=C3)CC=C(c1ccc3c(c1)OCCO3)C2=O,2670.0
CN1CCN(C(=O)c2ccc(-c3ccc(C(=O)N4CCc5c([nH]c6ccccc56)C4c4ccc5c(c4)OCO5)o3)cc2)CC1,8.0
COC(=O)[C@@H]1Cc2c([nH]c3ccccc23)[C@@H](c2ccccc2Br)N1,3100.0
COC(=O)[C@@H]1Cc2c([nH]c3ccccc23)[C@@H](c2ccc(Cl)cc2)N1C(=O)CCl,2700.0
O=C(c1ccc(-c2ccc(Cl)cc2[N+](=O)[O-])o1)N1CCc2c([nH]c3ccccc23)[C@H]1c1ccc2c(c1)OCO2,67.0
CCN1C(=O)C2Cc3c([nH]c4ccccc34)C(c3ccc(OC)cc3)N2C1=O,3.0
COc1ccc(C2c3[nH]c4ccccc4c3CC3C(=O)N(C4CCCCC4)C(=O)N32)cc1,3.0
CCN1C(=O)[C@@H]2Cc3c([nH]c4ccccc34)[C@@H](c3ccc(Cl)cc3)N2C1=O,330.0
CCN1C(=O)[C@H]2Cc3c([nH]c4ccccc34)[C@@H](c3ccc(Br)s3)N2C1=O,170.0
CCCCN1C(=O)[C@@H]2Cc3c([nH]c4ccccc34)[C@@H](c3ccc(Br)cc3)N2C1=O,40.0
CCCCN1CC2Cc3c([nH]c4ccccc34)C(c3ccc4c(c3)OCO4)N2C1=O,60.0
CCCCN1CC2Cc3c([nH]c4ccccc34)C(c3ccc(OC)cc3)N2C1=O,60.0
Cn1ccnc1CN1CC[C@@H](N2CC(=O)N3[C@H](c4ccc5c(c4)OCO5)c4[nH]c5ccccc5c4C[C@@H]3C2=O)C1,0.8
O=C1[C@H]2Cc3c([nH]c4ccccc34)[C@@H](c3ccc4c(c3)OCO4)N2C(=O)CN1[C@@H]1CCN(Cc2ncc[nH]2)C1,0.8
O=C1[C@H]2Cc3c([nH]c4ccccc34)[C@@H](c3ccc4c(c3)OCO4)N2C(=O)CN1[C@@H]1CCN(Cc2cccnc2)C1,2.0
O=C1C2Cc3c([nH]c4ccccc34)C(c3ccc4c(c3)OCO4)N2C(=O)CN1Cc1ccccc1,3.0
O=C1C2Cc3c([nH]c4ccccc34)C(c3ccc4c(c3)OCO4)N2C(=O)CN1C1CCCCC1,3.0
O=C1C2Cc3c([nH]c4ccccc34)[C@@H](c3ccc4c(c3)OCO4)N2C(=O)CN1CCC1CCN(Cc2ccccc2)CC1,150.0
O=C1[C@@H]2Cc3c([nH]c4ccccc34)[C@@H](c3ccc4c(c3)OCO4)N2C(=O)CN1CCC1CCN(Cc2ccccc2)CC1,1500.0
COc1ccc([C@@H]2c3[nH]c4ccccc4c3C[C@@H]3C(=O)N(CCC4CCN(Cc5ccccc5)CC4)CC(=O)N23)cc1,200.0
O=C(NO)c1cnc(N2CCC(CN3CC(=O)N4C(Cc5c([nH]c6ccccc56)C4c4ccc5c(c4)OCO5)C3=O)CC2)nc1,310.0
O=C(/C=C/c1ccc(N2CC(=O)N3C(Cc4c([nH]c5ccccc45)C3c3ccc4c(c3)OCO4)C2=O)cc1)NO,120.0
O=C(CCCN1CCC(N2CC(=O)N3C(Cc4c([nH]c5ccccc45)C3c3ccc4c(c3)OCO4)C2=O)CC1)NO,140.0
O=C(CCCCN1CC(=O)N2[C@H](c3ccc(Br)cc3)c3[nH]c4ccccc4c3C[C@@H]2C1=O)NO,7.0
O=C(CCCCCN1CC(=O)N2[C@H](c3ccc(Br)cc3)c3[nH]c4ccccc4c3C[C@@H]2C1=O)NO,7.0
O=C(CCCCCCN1CC(=O)N2[C@H](c3ccc(Cl)cc3)c3[nH]c4ccccc4c3C[C@@H]2C1=O)NO,126.0
COc1cc([C@@H](C)C(=O)N2CC[C@@]3(COc4cc(-c5ncccn5)c(C)nc4N3)C2)c(F)cn1,50000.0
N#Cc1c(C2CCCC2)c2ccc(NCc3ccc(F)cn3)cc2n(CC2CCCC2)c1=O,2180.0
COc1c(OCC2CC2)cc2oc3cc4c(c(OCc5ccncc5)c3c(=O)c2c1CC=C(C)C)C=CC(C)(C)O4,1240.0
Cn1ccc2cc(CNc3c(CO)cnc4c(C5CC5)cc(C#N)cc34)ccc21,2800.0
N#Cc1cc(C2CC2)c2ncc(CO)c(NCc3ccc4c(c3)OCO4)c2c1,190.0
COc1cc(CNc2c(CO)cnc3c(C4CC4)cc(C#N)cc23)cc(OC)c1OC,3400.0
COc1ncc(CNc2c(CO)cnc3c(C4CC4)cc(C#N)cc23)cc1Cl,30.0
COc1ccc(CNc2c(CO)cnc3c(C4CC4)cc(C#N)cc23)cn1,20.0
COc1cc(CNc2c(CO)cnc3c(C4CC4)cc(C#N)cc23)ccn1,180.0
